Episode,Current_Epsilon,Win|Lose,Score,Turns
1,0.999,Lose,-33,32
2,0.998001,Lose,-93,16
3,0.997002999,Lose,-17,8
4,0.996005996001,Lose,-37,10
5,0.995009990004999,Lose,-13,38
6,0.994014980014994,Lose,29,5
7,0.993020965034979,Lose,-100,7
8,0.9920279440699441,Lose,-100,7
9,0.9910359161258742,Lose,-25,8
10,0.9900448802097482,Lose,-25,7
11,0.9890548353295385,Lose,-88,10
12,0.988065780494209,Lose,-202,21
13,0.9870777147137147,Lose,-100,7
14,0.986090636999001,Lose,-96,6
15,0.9851045463620021,Lose,-96,6
16,0.98411944181564,Win,-636,54
17,0.9831353223738244,Lose,-100,7
18,0.9821521870514506,Lose,-1457,100
19,0.9811700348643991,Lose,-200,16
20,0.9801888648295347,Lose,-102,7
21,0.9792086759647052,Lose,-1853,92
22,0.9782294672887405,Lose,-25,7
23,0.9772512378214517,Lose,-112,8
24,0.9762739865836303,Lose,-21,6
25,0.9752977125970467,Lose,-92,8
26,0.9743224148844496,Lose,-88,10
27,0.9733480924695651,Lose,-100,7
28,0.9723747443770956,Lose,10,12
29,0.9714023696327185,Lose,-21,6
30,0.9704309672630859,Lose,-112,8
31,0.9694605362958227,Lose,-92,8
32,0.9684910757595269,Lose,-148,12
33,0.9675225846837673,Lose,-21,8
34,0.9665550620990835,Lose,-100,7
35,0.9655885070369844,Win,5,22
36,0.9646229185299474,Lose,-53,11
37,0.9636582956114175,Lose,-33,20
38,0.9626946373158061,Lose,-25,7
39,0.9617319426784903,Lose,-37,8
40,0.9607702107358118,Lose,-135,17
41,0.959809440525076,Lose,-116,13
42,0.9588496310845509,Lose,-125,16
43,0.9578907814534664,Lose,-49,12
44,0.9569328906720129,Lose,-102,7
45,0.9559759577813409,Lose,-112,8
46,0.9550199818235596,Lose,-17,8
47,0.9540649618417361,Lose,-108,8
48,0.9531108968798944,Lose,-96,6
49,0.9521577859830145,Lose,-39,9
50,0.9512056281970315,Lose,-55,15
51,0.9502544225688344,Lose,-37,8
52,0.9493041681462656,Lose,-37,8
53,0.9483548639781193,Lose,-172,14
54,0.9474065091141411,Lose,-21,6
55,0.946459102605027,Lose,-110,7
56,0.9455126435024219,Lose,-100,7
57,0.9445671308589195,Lose,-112,8
58,0.9436225637280606,Lose,-2387,100
59,0.9426789411643326,Lose,-25,7
60,0.9417362622231683,Win,-1,18
61,0.9407945259609451,Lose,-157,18
62,0.9398537314349842,Lose,-92,8
63,0.9389138777035492,Lose,-2513,100
64,0.9379749638258457,Lose,-112,8
65,0.9370369888620198,Lose,-100,7
66,0.9360999518731578,Lose,-128,10
67,0.9351638519212846,Lose,-104,8
68,0.9342286880693633,Lose,-96,6
69,0.933294459381294,Lose,-112,8
70,0.9323611649219127,Lose,-46,5
71,0.9314288037569908,Lose,18,11
72,0.9304973749532338,Lose,-96,6
73,0.9295668775782806,Lose,-125,16
74,0.9286373107007023,Lose,-29,14
75,0.9277086733900016,Lose,-39,11
76,0.9267809647166116,Lose,-210,17
77,0.925854183751895,Lose,-61,16
78,0.9249283295681431,Lose,-193,20
79,0.9240034012385749,Lose,-17,8
80,0.9230793978373364,Lose,-100,7
81,0.9221563184394991,Lose,-46,5
82,0.9212341621210596,Lose,-144,14
83,0.9203129279589385,Lose,-100,7
84,0.9193926150309796,Lose,-25,7
85,0.9184732224159486,Lose,-100,7
86,0.9175547491935327,Lose,-75,13
87,0.9166371944443392,Lose,-39,11
88,0.9157205572498949,Lose,-112,8
89,0.914804836692645,Lose,-17,8
90,0.9138900318559524,Lose,-100,7
91,0.9129761418240965,Lose,-100,7
92,0.9120631656822724,Lose,-57,11
93,0.9111511025165902,Lose,-154,13
94,0.9102399514140735,Lose,-92,8
95,0.9093297114626595,Lose,-51,22
96,0.9084203817511969,Lose,-100,7
97,0.9075119613694457,Lose,-88,10
98,0.9066044494080763,Lose,-104,8
99,0.9056978449586682,Lose,-25,7
100,0.9047921471137096,Lose,-112,8
101,0.9038873549665959,Lose,-100,7
102,0.9029834676116293,Lose,-92,8
103,0.9020804841440176,Lose,-60,17
104,0.9011784036598737,Lose,26,12
105,0.9002772252562138,Lose,-97,14
106,0.8993769480309576,Lose,-25,7
107,0.8984775710829266,Lose,-53,10
108,0.8975790935118436,Lose,-112,8
109,0.8966815144183318,Lose,-112,8
110,0.8957848329039134,Lose,-35,9
111,0.8948890480710096,Lose,38,8
112,0.8939941590229386,Lose,54,6
113,0.8931001648639156,Lose,-116,14
114,0.8922070646990518,Lose,-118,14
115,0.8913148576343527,Lose,-105,15
116,0.8904235427767183,Lose,-73,12
117,0.8895331192339416,Lose,-57,11
118,0.8886435861147077,Lose,-100,7
119,0.887754942528593,Lose,-1815,100
120,0.8868671875860644,Lose,-92,8
121,0.8859803203984784,Lose,-81,17
122,0.88509434007808,Win,-2666,100
123,0.8842092457380019,Lose,-90,25
124,0.8833250364922639,Lose,-110,7
125,0.8824417114557717,Lose,-1783,100
126,0.8815592697443159,Lose,-92,7
127,0.8806777104745716,Lose,-49,12
128,0.8797970327640969,Lose,-17,7
129,0.8789172357313328,Lose,-112,8
130,0.8780383184956015,Lose,-244,19
131,0.8771602801771059,Lose,-106,7
132,0.8762831198969288,Lose,-112,8
133,0.8754068367770318,Lose,-92,8
134,0.8745314299402548,Lose,-100,7
135,0.8736568985103146,Lose,-25,7
136,0.8727832416118043,Lose,-132,11
137,0.8719104583701925,Lose,-100,7
138,0.8710385479118223,Lose,27,7
139,0.8701675093639105,Lose,-29,8
140,0.8692973418545467,Lose,-114,22
141,0.8684280445126921,Lose,-100,7
142,0.8675596164681794,Win,-614,57
143,0.8666920568517111,Lose,-45,13
144,0.8658253647948594,Lose,-25,8
145,0.8649595394300645,Lose,-112,8
146,0.8640945798906344,Lose,-92,8
147,0.8632304853107438,Lose,-344,28
148,0.862367254825433,Lose,-88,20
149,0.8615048875706075,Lose,-37,8
150,0.8606433826830369,Lose,-100,7
151,0.8597827393003539,Lose,-25,7
152,0.8589229565610536,Lose,-25,7
153,0.8580640336044925,Lose,-363,37
154,0.857205969570888,Lose,-202,20
155,0.8563487636013172,Lose,-25,7
156,0.8554924148377159,Lose,-23,11
157,0.8546369224228781,Lose,-1898,100
158,0.8537822855004553,Lose,-100,7
159,0.8529285032149548,Lose,-17,8
160,0.8520755747117399,Lose,-49,12
161,0.8512234991370281,Lose,-132,11
162,0.8503722756378911,Win,-413,55
163,0.8495219033622532,Lose,-100,8
164,0.8486723814588909,Lose,-46,5
165,0.847823709077432,Lose,-93,19
166,0.8469758853683546,Lose,-110,11
167,0.8461289094829862,Lose,-317,36
168,0.8452827805735033,Win,-17,26
169,0.8444374977929298,Lose,52,10
170,0.8435930602951368,Lose,-17,8
171,0.8427494672348417,Lose,-96,6
172,0.8419067177676068,Lose,-2007,100
173,0.8410648110498392,Lose,-134,14
174,0.8402237462387894,Lose,-39,9
175,0.8393835224925505,Lose,-25,7
176,0.838544138970058,Lose,-25,7
177,0.8377055948310879,Lose,-46,5
178,0.8368678892362568,Lose,-79,15
179,0.8360310213470206,Lose,-104,8
180,0.8351949903256736,Lose,-25,7
181,0.8343597953353479,Lose,-161,19
182,0.8335254355400126,Lose,-37,8
183,0.8326919101044725,Lose,-23,11
184,0.831859218194368,Lose,-112,8
185,0.8310273589761736,Lose,-46,5
186,0.8301963316171974,Lose,-100,7
187,0.8293661352855802,Lose,50,7
188,0.8285367691502946,Lose,-57,11
189,0.8277082323811443,Win,-145,34
190,0.8268805241487632,Lose,50,7
191,0.8260536436246144,Lose,-100,7
192,0.8252275899809898,Lose,18,11
193,0.8244023623910088,Lose,-17,8
194,0.8235779600286178,Lose,50,7
195,0.8227543820685892,Lose,-67,20
196,0.8219316276865206,Lose,-100,7
197,0.8211096960588341,Lose,-108,8
198,0.8202885863627752,Lose,-72,12
199,0.8194682977764125,Lose,-57,11
200,0.818648829478636,Lose,-112,8
201,0.8178301806491574,Lose,-214,20
202,0.8170123504685082,Lose,-17,16
203,0.8161953381180397,Lose,-141,23
204,0.8153791427799216,Lose,-37,8
205,0.8145637636371417,Lose,-21,6
206,0.8137491998735046,Lose,-100,7
207,0.812935450673631,Lose,-84,24
208,0.8121225152229574,Lose,-1241,76
209,0.8113103927077344,Lose,-30,15
210,0.8104990823150267,Lose,-65,15
211,0.8096885832327116,Lose,-73,14
212,0.8088788946494789,Lose,-53,13
213,0.8080700157548294,Lose,-73,12
214,0.8072619457390746,Lose,-57,11
215,0.8064546837933355,Lose,-29,10
216,0.8056482291095421,Lose,-73,14
217,0.8048425808804326,Lose,-147,21
218,0.8040377382995522,Win,-120,35
219,0.8032337005612527,Lose,-135,17
220,0.8024304668606914,Lose,-51,14
221,0.8016280363938307,Lose,-33,10
222,0.8008264083574369,Win,-690,45
223,0.8000255819490795,Lose,-75,13
224,0.7992255563671304,Lose,-57,11
225,0.7984263308107633,Lose,-92,8
226,0.7976279044799526,Lose,22,13
227,0.7968302765754727,Lose,-25,7
228,0.7960334462988972,Lose,-57,11
229,0.7952374128525983,Lose,18,11
230,0.7944421754397457,Win,-756,52
231,0.7936477332643059,Lose,-100,7
232,0.7928540855310416,Lose,-112,8
233,0.7920612314455105,Lose,-100,7
234,0.7912691702140651,Lose,-37,8
235,0.790477901043851,Lose,-77,20
236,0.7896874231428072,Lose,-39,9
237,0.7888977357196644,Win,-700,63
238,0.7881088379839447,Lose,-59,16
239,0.7873207291459607,Lose,22,13
240,0.7865334084168147,Lose,-100,7
241,0.7857468750083979,Lose,-104,8
242,0.7849611281333895,Lose,-144,14
243,0.784176167005256,Lose,-58,22
244,0.7833919908382508,Lose,-105,15
245,0.7826085988474126,Lose,-112,8
246,0.7818259902485653,Lose,-100,7
247,0.7810441642583167,Lose,-37,8
248,0.7802631200940584,Lose,-100,7
249,0.7794828569739644,Lose,-17,8
250,0.7787033741169904,Lose,-63,15
251,0.7779246707428734,Lose,-37,8
252,0.7771467460721305,Lose,-39,11
253,0.7763695993260584,Lose,-39,11
254,0.7755932297267324,Lose,-132,28
255,0.7748176364970056,Lose,-37,8
256,0.7740428188605086,Lose,-87,16
257,0.7732687760416481,Lose,58,20
258,0.7724955072656065,Lose,-106,7
259,0.7717230117583408,Lose,-46,5
260,0.7709512887465825,Lose,-10,14
261,0.7701803374578359,Lose,-82,18
262,0.7694101571203781,Lose,-92,8
263,0.7686407469632577,Lose,-106,7
264,0.7678721062162944,Lose,-100,7
265,0.7671042341100781,Lose,-39,9
266,0.766337129875968,Lose,-100,7
267,0.7655707927460921,Lose,-100,8
268,0.764805221953346,Lose,-71,16
269,0.7640404167313927,Lose,-37,8
270,0.7632763763146613,Lose,-73,14
271,0.7625130999383466,Lose,-106,7
272,0.7617505868384082,Lose,-23,10
273,0.7609888362515699,Lose,-100,7
274,0.7602278474153183,Lose,-92,8
275,0.759467619567903,Lose,-106,7
276,0.7587081519483351,Lose,-25,7
277,0.7579494437963867,Lose,-53,13
278,0.7571914943525904,Lose,26,12
279,0.7564343028582378,Lose,-17,7
280,0.7556778685553796,Lose,24,17
281,0.7549221906868242,Lose,-17,8
282,0.7541672684961374,Lose,-112,8
283,0.7534131012276413,Lose,-19,18
284,0.7526596881264136,Lose,-37,8
285,0.7519070284382872,Lose,-100,7
286,0.7511551214098489,Lose,-17,8
287,0.750403966288439,Lose,-35,7
288,0.7496535623221505,Lose,-46,5
289,0.7489039087598284,Lose,-100,7
290,0.7481550048510686,Lose,-151,32
291,0.7474068498462175,Lose,-97,14
292,0.7466594429963713,Lose,-103,18
293,0.745912783553375,Lose,-106,9
294,0.7451668707698216,Lose,-317,26
295,0.7444217038990517,Lose,-92,8
296,0.7436772821951526,Lose,40,11
297,0.7429336049129575,Lose,-96,6
298,0.7421906713080445,Lose,18,11
299,0.7414484806367364,Lose,-50,16
300,0.7407070321560997,Lose,-30,15
301,0.7399663251239436,Lose,-2319,100
302,0.7392263587988196,Lose,-100,7
303,0.7384871324400207,Lose,-37,8
304,0.7377486453075807,Win,-1408,83
305,0.737010896662273,Lose,-112,8
306,0.7362738857656108,Lose,-176,18
307,0.7355376118798452,Lose,-100,7
308,0.7348020742679654,Lose,-46,5
309,0.7340672721936974,Lose,-100,7
310,0.7333332049215037,Lose,-92,8
311,0.7325998717165821,Lose,-112,8
312,0.7318672718448656,Lose,-57,11
313,0.7311354045730207,Lose,-86,20
314,0.7304042691684477,Lose,-61,20
315,0.7296738648992792,Lose,-23,10
316,0.7289441910343799,Lose,-2115,100
317,0.7282152468433455,Lose,-39,9
318,0.7274870315965022,Lose,-92,7
319,0.7267595445649057,Lose,-21,7
320,0.7260327850203407,Lose,-137,24
321,0.7253067522353204,Lose,-25,7
322,0.724581445483085,Lose,-79,13
323,0.723856864037602,Lose,2,12
324,0.7231330071735643,Lose,-106,15
325,0.7224098741663908,Lose,-100,7
326,0.7216874642922244,Win,-2537,92
327,0.7209657768279322,Lose,-102,38
328,0.7202448110511043,Lose,50,7
329,0.7195245662400531,Lose,-14,20
330,0.7188050416738131,Lose,-176,15
331,0.7180862366321393,Lose,-105,15
332,0.7173681503955072,Lose,-22,14
333,0.7166507822451117,Lose,-30,15
334,0.7159341314628666,Lose,-57,11
335,0.7152181973314037,Lose,-74,21
336,0.7145029791340722,Lose,-37,8
337,0.7137884761549381,Lose,-37,10
338,0.7130746876787832,Lose,-46,5
339,0.7123616129911045,Lose,-37,8
340,0.7116492513781133,Lose,-45,13
341,0.7109376021267352,Lose,28,21
342,0.7102266645246085,Lose,-92,7
343,0.7095164378600839,Lose,-93,17
344,0.7088069214222238,Lose,-94,19
345,0.7080981145008015,Lose,-82,18
346,0.7073900163863007,Lose,18,11
347,0.7066826263699144,Lose,50,7
348,0.7059759437435444,Lose,-4549,100
349,0.7052699677998009,Lose,-4,13
350,0.704564697832001,Lose,-100,7
351,0.7038601331341691,Lose,-112,8
352,0.7031562730010349,Lose,27,7
353,0.7024531167280339,Lose,-22,14
354,0.7017506636113059,Lose,-37,8
355,0.7010489129476946,Lose,-73,12
356,0.7003478640347469,Lose,-96,6
357,0.6996475161707122,Lose,-274,25
358,0.6989478686545415,Lose,20,14
359,0.698248920785887,Lose,-100,8
360,0.6975506718651011,Lose,-92,8
361,0.6968531211932361,Lose,-264,22
362,0.6961562680720428,Lose,-100,7
363,0.6954601118039707,Lose,-59,14
364,0.6947646516921667,Lose,-169,19
365,0.6940698870404746,Lose,-100,7
366,0.6933758171534341,Lose,-100,7
367,0.6926824413362807,Lose,-106,7
368,0.6919897588949444,Lose,-25,7
369,0.6912977691360495,Lose,-92,8
370,0.6906064713669134,Lose,-128,10
371,0.6899158648955466,Lose,-37,8
372,0.689225949030651,Lose,-94,19
373,0.6885367230816204,Lose,-2601,100
374,0.6878481863585387,Lose,-112,8
375,0.6871603381721801,Lose,-112,15
376,0.686473177834008,Lose,-116,8
377,0.685786704656174,Lose,-25,7
378,0.6851009179515178,Lose,-39,12
379,0.6844158170335664,Lose,-97,16
380,0.6837314012165328,Lose,-92,8
381,0.6830476698153162,Lose,-25,8
382,0.6823646221455009,Lose,-96,6
383,0.6816822575233553,Lose,-92,8
384,0.6810005752658319,Lose,-26,17
385,0.680319574690566,Lose,27,7
386,0.6796392551158754,Lose,-33,8
387,0.6789596158607596,Win,-120,19
388,0.6782806562448989,Lose,-106,7
389,0.677602375588654,Lose,-45,13
390,0.6769247732130653,Lose,-96,6
391,0.6762478484398523,Lose,-165,33
392,0.6755716005914124,Lose,-33,8
393,0.674896028990821,Lose,16,14
394,0.6742211329618302,Lose,-39,11
395,0.6735469118288684,Lose,-35,11
396,0.6728733649170395,Lose,36,11
397,0.6722004915521225,Lose,30,18
398,0.6715282910605703,Lose,26,12
399,0.6708567627695098,Lose,-46,5
400,0.6701859060067403,Lose,-21,12
401,0.6695157201007336,Lose,-94,12
402,0.6688462043806328,Lose,-17,7
403,0.6681773581762521,Lose,-4,13
404,0.6675091808180759,Lose,-35,12
405,0.6668416716372578,Lose,-2089,100
406,0.6661748299656206,Lose,-108,8
407,0.6655086551356549,Win,7,25
408,0.6648431464805192,Lose,-53,10
409,0.6641783033340387,Lose,-45,12
410,0.6635141250307047,Lose,-21,9
411,0.662850610905674,Lose,-37,8
412,0.6621877602947683,Lose,-17,8
413,0.6615255725344735,Win,-533,74
414,0.660864046961939,Lose,-100,7
415,0.660203182914977,Lose,50,7
416,0.6595429797320621,Lose,-53,10
417,0.6588834367523301,Lose,-94,19
418,0.6582245533155777,Lose,-17,8
419,0.6575663287622622,Lose,-112,8
420,0.6569087624334999,Lose,-30,15
421,0.6562518536710664,Lose,-106,22
422,0.6555956018173954,Lose,-63,13
423,0.654940006215578,Lose,0,17
424,0.6542850662093624,Lose,-118,12
425,0.6536307811431531,Lose,-112,8
426,0.65297715036201,Lose,-50,16
427,0.6523241732116479,Lose,-92,8
428,0.6516718490384363,Lose,2,12
429,0.6510201771893979,Lose,-128,10
430,0.6503691570122084,Lose,-25,7
431,0.6497187878551962,Lose,-117,16
432,0.649069069067341,Lose,38,8
433,0.6484199999982736,Lose,-51,80
434,0.6477715799982753,Lose,-110,7
435,0.647123808418277,Lose,-105,15
436,0.6464766846098587,Lose,34,13
437,0.6458302079252489,Lose,-128,13
438,0.6451843777173236,Lose,-33,10
439,0.6445391933396063,Lose,-535,76
440,0.6438946541462667,Lose,50,7
441,0.6432507594921204,Lose,-30,15
442,0.6426075087326283,Lose,-37,8
443,0.6419649012238956,Lose,-177,24
444,0.6413229363226717,Lose,-47,16
445,0.640681613386349,Lose,-98,9
446,0.6400409317729626,Lose,-37,8
447,0.6394008908411897,Lose,-2099,69
448,0.6387614899503485,Lose,-50,16
449,0.6381227284603982,Lose,-35,7
450,0.6374846057319378,Lose,40,11
451,0.6368471211262058,Lose,-45,13
452,0.6362102740050796,Lose,-33,8
453,0.6355740637310745,Lose,-37,8
454,0.6349384896673435,Lose,-57,11
455,0.6343035511776761,Lose,-135,19
456,0.6336692476264985,Lose,-125,16
457,0.6330355783788719,Lose,-125,16
458,0.632402542800493,Win,-110,25
459,0.6317701402576925,Lose,-30,15
460,0.6311383701174348,Lose,-57,11
461,0.6305072317473174,Lose,-124,11
462,0.6298767245155701,Lose,-23,11
463,0.6292468477910546,Lose,-61,13
464,0.6286176009432635,Lose,-33,8
465,0.6279889833423202,Lose,-100,7
466,0.6273609943589779,Win,-25,19
467,0.6267336333646188,Lose,-37,8
468,0.6261068997312542,Lose,48,7
469,0.6254807928315229,Lose,-49,11
470,0.6248553120386914,Lose,-92,8
471,0.6242304567266527,Lose,-75,13
472,0.623606226269926,Lose,-107,22
473,0.6229826200436561,Lose,-312,29
474,0.6223596374236124,Lose,-53,12
475,0.6217372777861888,Lose,-137,24
476,0.6211155405084027,Lose,-22,14
477,0.6204944249678943,Lose,-30,15
478,0.6198739305429264,Lose,-100,7
479,0.6192540566123834,Win,-68,17
480,0.6186348025557711,Lose,-100,7
481,0.6180161677532153,Lose,-4,13
482,0.6173981515854621,Lose,-37,8
483,0.6167807534338766,Lose,-23,11
484,0.6161639726804428,Lose,-41,14
485,0.6155478087077623,Lose,32,16
486,0.6149322608990545,Lose,-96,6
487,0.6143173286381555,Lose,-39,11
488,0.6137030113095173,Lose,-73,12
489,0.6130893082982078,Lose,-1912,100
490,0.6124762189899097,Lose,18,11
491,0.6118637427709198,Lose,-92,8
492,0.6112518790281489,Lose,-25,7
493,0.6106406271491208,Win,90,22
494,0.6100299865219717,Lose,-325,26
495,0.6094199565354498,Lose,-23,11
496,0.6088105365789144,Win,-531,73
497,0.6082017260423355,Lose,-25,7
498,0.6075935243162931,Lose,-106,7
499,0.6069859307919768,Lose,-73,12
500,0.6063789448611848,Win,-794,84
501,0.6057725659163237,Lose,2,12
502,0.6051667933504074,Lose,-25,7
503,0.6045616265570569,Lose,-100,7
504,0.6039570649304998,Lose,-193,100
505,0.6033531078655693,Lose,-33,8
506,0.6027497547577038,Lose,-100,7
507,0.602147005002946,Win,-1009,80
508,0.6015448579979431,Lose,-269,28
509,0.6009433131399452,Lose,-100,7
510,0.6003423698268052,Lose,6,16
511,0.5997420274569785,Win,15,21
512,0.5991422854295215,Lose,-137,25
513,0.598543143144092,Lose,-108,8
514,0.5979446000009478,Lose,-100,7
515,0.5973466554009469,Lose,-88,10
516,0.596749308745546,Lose,-50,16
517,0.5961525594368005,Lose,-100,7
518,0.5955564068773637,Win,-5,18
519,0.5949608504704863,Lose,-21,7
520,0.5943658896200158,Lose,-25,7
521,0.5937715237303958,Lose,-44,19
522,0.5931777522066654,Lose,-50,16
523,0.5925845744544587,Lose,-100,7
524,0.5919919898800042,Lose,-92,7
525,0.5913999978901242,Lose,-17,12
526,0.590808597892234,Lose,-304,22
527,0.5902177892943418,Lose,-22,14
528,0.5896275715050474,Win,34,21
529,0.5890379439335424,Lose,50,7
530,0.5884489059896089,Lose,-100,7
531,0.5878604570836192,Lose,-22,14
532,0.5872725966265356,Lose,-31,26
533,0.5866853240299091,Lose,-142,14
534,0.5860986387058792,Lose,-62,7
535,0.5855125400671733,Lose,-30,15
536,0.5849270275271061,Lose,-93,16
537,0.584342100499579,Lose,-35,11
538,0.5837577583990794,Win,-403,47
539,0.5831740006406804,Lose,-57,11
540,0.5825908266400397,Lose,-101,16
541,0.5820082358133997,Lose,-100,7
542,0.5814262275775862,Lose,27,7
543,0.5808448013500086,Lose,-17,8
544,0.5802639565486586,Lose,-282,21
545,0.57968369259211,Lose,-63,15
546,0.5791040088995179,Lose,-29,8
547,0.5785249048906184,Lose,-41,13
548,0.5779463799857277,Lose,-25,7
549,0.577368433605742,Lose,-34,17
550,0.5767910651721362,Lose,-55,16
551,0.576214274106964,Lose,-46,16
552,0.5756380598328571,Lose,-112,8
553,0.5750624217730242,Lose,-67,14
554,0.5744873593512512,Lose,-17,8
555,0.5739128719918999,Lose,-39,9
556,0.573338959119908,Lose,-21,14
557,0.572765620160788,Lose,-94,12
558,0.5721928545406272,Lose,-112,8
559,0.5716206616860866,Lose,-25,7
560,0.5710490410244006,Lose,-208,20
561,0.5704779919833761,Lose,-25,7
562,0.5699075139913927,Lose,18,11
563,0.5693376064774013,Lose,-25,7
564,0.5687682688709239,Lose,22,12
565,0.5681995006020529,Lose,-79,13
566,0.5676313011014509,Win,-1705,83
567,0.5670636698003494,Lose,-17,8
568,0.5664966061305491,Lose,-14,16
569,0.5659301095244186,Lose,-45,13
570,0.5653641794148941,Lose,-25,7
571,0.5647988152354793,Lose,-17,8
572,0.5642340164202437,Lose,-67,16
573,0.5636697824038235,Lose,-119,18
574,0.5631061126214196,Lose,-100,7
575,0.5625430065087982,Lose,-87,15
576,0.5619804635022894,Lose,52,11
577,0.561418483038787,Lose,-33,8
578,0.5608570645557482,Lose,-39,11
579,0.5602962074911925,Lose,-100,7
580,0.5597359112837013,Lose,-81,20
581,0.5591761753724176,Lose,-100,8
582,0.5586169991970452,Lose,-96,6
583,0.5580583821978482,Lose,-39,11
584,0.5575003238156504,Lose,-25,7
585,0.5569428234918348,Lose,-100,7
586,0.5563858806683429,Lose,-131,22
587,0.5558294947876746,Lose,-64,20
588,0.5552736652928869,Lose,-25,7
589,0.5547183916275941,Lose,-495,40
590,0.5541636732359665,Lose,-21,16
591,0.5536095095627305,Lose,-185,31
592,0.5530559000531677,Lose,-92,12
593,0.5525028441531146,Lose,18,11
594,0.5519503413089615,Lose,50,7
595,0.5513983909676525,Lose,-893,56
596,0.5508469925766849,Lose,-25,7
597,0.5502961455841082,Lose,-55,14
598,0.5497458494385241,Lose,-4,15
599,0.5491961035890855,Lose,30,13
600,0.5486469074854965,Lose,-25,7
601,0.548098260578011,Lose,-334,29
602,0.547550162317433,Lose,-28,28
603,0.5470026121551156,Lose,-59,14
604,0.5464556095429605,Lose,-25,7
605,0.5459091539334175,Win,-27,22
606,0.5453632447794842,Lose,-100,8
607,0.5448178815347047,Lose,-25,7
608,0.54427306365317,Lose,6,14
609,0.5437287905895168,Lose,-37,8
610,0.5431850617989273,Lose,-23,11
611,0.5426418767371284,Lose,-407,32
612,0.5420992348603912,Win,-532,54
613,0.5415571356255309,Lose,54,6
614,0.5410155784899053,Lose,-100,7
615,0.5404745629114154,Lose,-368,36
616,0.539934088348504,Lose,-982,100
617,0.5393941542601555,Lose,-17,7
618,0.5388547601058953,Lose,-46,5
619,0.5383159053457894,Lose,-46,5
620,0.5377775894404436,Lose,-100,7
621,0.5372398118510032,Lose,-4,16
622,0.5367025720391522,Lose,22,10
623,0.536165869467113,Lose,-19,12
624,0.5356297035976458,Lose,-104,8
625,0.5350940738940482,Lose,-92,8
626,0.5345589798201541,Lose,-46,5
627,0.534024420840334,Lose,-157,18
628,0.5334903964194936,Lose,50,7
629,0.5329569060230741,Win,-5,18
630,0.532423949117051,Lose,-106,7
631,0.531891525167934,Lose,-73,12
632,0.5313596336427661,Lose,-100,7
633,0.5308282740091232,Lose,2,12
634,0.5302974457351142,Lose,-83,16
635,0.5297671482893791,Lose,26,12
636,0.5292373811410898,Lose,-1392,89
637,0.5287081437599487,Lose,-25,7
638,0.5281794356161887,Lose,18,11
639,0.5276512561805725,Lose,-25,7
640,0.5271236049243919,Lose,-25,7
641,0.5265964813194676,Lose,-59,14
642,0.5260698848381481,Lose,-114,11
643,0.5255438149533099,Lose,18,11
644,0.5250182711383566,Lose,2,12
645,0.5244932528672183,Win,-412,56
646,0.5239687596143511,Lose,-96,6
647,0.5234447908547367,Lose,-202,24
648,0.522921346063882,Lose,36,33
649,0.522398424717818,Lose,-25,7
650,0.5218760262931003,Lose,22,13
651,0.5213541502668072,Lose,-31,7
652,0.5208327961165404,Lose,-157,18
653,0.5203119633204238,Lose,-82,18
654,0.5197916513571034,Lose,-23,11
655,0.5192718597057463,Lose,-128,12
656,0.5187525878460405,Lose,18,11
657,0.5182338352581944,Lose,-21,7
658,0.5177156014229363,Lose,-132,21
659,0.5171978858215134,Lose,-51,18
660,0.5166806879356919,Lose,-12,20
661,0.5161640072477562,Lose,-96,6
662,0.5156478432405085,Win,-672,65
663,0.515132195397268,Lose,-92,8
664,0.5146170632018707,Lose,-170,18
665,0.5141024461386688,Lose,-161,19
666,0.5135883436925301,Lose,18,12
667,0.5130747553488376,Lose,-25,10
668,0.5125616805934888,Lose,-88,22
669,0.5120491189128954,Lose,-132,11
670,0.5115370697939825,Lose,-1833,100
671,0.5110255327241885,Lose,-165,19
672,0.5105145071914643,Win,-55,25
673,0.5100039926842729,Lose,-128,13
674,0.5094939886915886,Lose,18,11
675,0.508984494702897,Lose,26,11
676,0.508475510208194,Lose,2,12
677,0.5079670346979859,Lose,-57,11
678,0.5074590676632879,Lose,-25,7
679,0.5069516085956246,Lose,-47,13
680,0.506444656987029,Lose,58,20
681,0.505938212330042,Lose,-37,8
682,0.505432274117712,Lose,-25,7
683,0.5049268418435943,Lose,-60,17
684,0.5044219150017507,Lose,30,12
685,0.5039174930867489,Lose,-21,9
686,0.5034135755936622,Lose,-107,24
687,0.5029101620180685,Lose,-22,14
688,0.5024072518560504,Lose,-73,12
689,0.5019048446041944,Lose,-27,14
690,0.5014029397595902,Lose,-25,7
691,0.5009015368198305,Lose,18,11
692,0.5004006352830107,Lose,-22,14
693,0.4999002346477277,Lose,-41,13
694,0.49940033441307996,Lose,2,12
695,0.49890093407866687,Lose,-23,11
696,0.4984020331445882,Lose,-9,14
697,0.4979036311114436,Lose,18,11
698,0.4974057274803321,Win,-97,30
699,0.49690832175285177,Lose,-122,16
700,0.4964114134310989,Lose,-65,18
701,0.4959150020176678,Lose,26,12
702,0.49541908701565013,Lose,6,12
703,0.49492366792863446,Lose,52,11
704,0.4944287442607058,Lose,-43,12
705,0.4939343155164451,Lose,-176,17
706,0.4934403812009287,Lose,-35,11
707,0.4929469408197278,Lose,38,13
708,0.49245399387890804,Lose,30,13
709,0.4919615398850291,Lose,18,11
710,0.4914695783451441,Lose,-114,14
711,0.4909781087667989,Lose,-4,18
712,0.4904871306580321,Lose,-1711,100
713,0.4899966435273741,Lose,-45,19
714,0.4895066468838467,Lose,-37,8
715,0.48901714023696286,Lose,-43,12
716,0.4885281230967259,Lose,-92,7
717,0.48803959497362914,Lose,-30,15
718,0.4875515553786555,Lose,-22,14
719,0.48706400382327686,Win,-115,30
720,0.4865769398194536,Lose,46,10
721,0.48609036287963414,Lose,2,12
722,0.48560427251675453,Lose,-51,14
723,0.48511866824423777,Lose,-25,7
724,0.4846335495759935,Lose,-100,8
725,0.4841489160264175,Lose,18,11
726,0.4836647671103911,Lose,-4,13
727,0.4831811023432807,Lose,54,6
728,0.4826979212409374,Lose,-25,7
729,0.48221522331969646,Lose,-17,8
730,0.48173300809637676,Lose,-1923,100
731,0.48125127508828036,Lose,-25,7
732,0.48077002381319206,Lose,36,11
733,0.48028925378937887,Lose,18,11
734,0.47980896453558947,Lose,-114,11
735,0.4793291555710539,Lose,-46,5
736,0.47884982641548285,Lose,-23,10
737,0.47837097658906735,Lose,-37,8
738,0.47789260561247826,Lose,-112,8
739,0.4774147130068658,Lose,42,15
740,0.4769372982938589,Lose,-717,52
741,0.47646036099556505,Lose,-46,5
742,0.47598390063456947,Lose,-53,11
743,0.4755079167339349,Lose,-37,8
744,0.47503240881720094,Lose,6,12
745,0.47455737640838375,Lose,-53,12
746,0.47408281903197536,Lose,18,11
747,0.47360873621294336,Lose,-4,19
748,0.4731351274767304,Lose,-4,13
749,0.4726619923492537,Lose,-97,19
750,0.47218933035690447,Lose,-187,29
751,0.47171714102654755,Lose,-106,7
752,0.471245423885521,Lose,-197,32
753,0.47077417846163544,Lose,-67,17
754,0.4703034042831738,Lose,24,14
755,0.46983310087889063,Lose,-112,8
756,0.46936326777801174,Lose,-57,12
757,0.4688939045102337,Lose,-25,7
758,0.4684250106057235,Lose,-47,18
759,0.46795658559511777,Lose,26,12
760,0.46748862900952265,Lose,-45,15
761,0.4670211403805131,Lose,18,11
762,0.4665541192401326,Lose,-22,14
763,0.4660875651208925,Lose,-47,17
764,0.4656214775557716,Lose,-144,14
765,0.46515585607821586,Lose,58,8
766,0.46469070022213765,Lose,-57,11
767,0.4642260095219155,Lose,-25,7
768,0.4637617835123936,Win,25,20
769,0.46329802172888124,Lose,-92,8
770,0.46283472370715234,Lose,-82,18
771,0.46237188898344517,Lose,-22,15
772,0.4619095170944617,Lose,18,11
773,0.46144760757736725,Lose,-22,14
774,0.46098615996978987,Lose,-112,8
775,0.46052517380982005,Lose,22,13
776,0.4600646486360102,Lose,-144,25
777,0.4596045839873742,Lose,18,11
778,0.45914497940338683,Lose,-37,8
779,0.4586858344239834,Lose,38,8
780,0.45822714858955943,Lose,-21,9
781,0.45776892144096987,Lose,-23,11
782,0.4573111525195289,Lose,-37,10
783,0.4568538413670094,Lose,-25,7
784,0.4563969875256424,Lose,-59,14
785,0.45594059053811675,Lose,-100,7
786,0.45548464994757865,Win,-99,41
787,0.45502916529763104,Lose,-25,7
788,0.45457413613233344,Lose,-37,8
789,0.4541195619962011,Lose,-17,8
790,0.4536654424342049,Lose,-49,12
791,0.45321177699177073,Lose,-19,14
792,0.452758565214779,Win,-771,89
793,0.4523058066495642,Lose,-67,14
794,0.45185350084291465,Lose,-130,24
795,0.4514016473420717,Lose,-35,11
796,0.45095024569472963,Lose,-25,7
797,0.4504992954490349,Lose,-31,7
798,0.45004879615358584,Lose,50,7
799,0.44959874735743227,Lose,-39,9
800,0.4491491486100748,Lose,-53,12
801,0.44869999946146477,Lose,18,11
802,0.4482512994620033,Lose,-29,10
803,0.4478030481625413,Lose,-25,7
804,0.44735524511437874,Lose,-147,21
805,0.4469078898692644,Lose,22,13
806,0.4464609819793951,Lose,18,11
807,0.44601452099741573,Lose,34,14
808,0.4455685064764183,Lose,-37,8
809,0.4451229379699419,Lose,36,12
810,0.44467781503197196,Lose,30,12
811,0.44423313721693997,Lose,-223,26
812,0.44378890407972305,Lose,22,13
813,0.44334511517564335,Lose,18,11
814,0.4429017700604677,Lose,-30,15
815,0.44245886829040726,Lose,-37,8
816,0.44201640942211684,Lose,-62,25
817,0.44157439301269474,Lose,-75,13
818,0.44113281861968207,Lose,-17,8
819,0.4406916858010624,Lose,-60,17
820,0.4402509941152613,Lose,-105,17
821,0.43981074312114604,Lose,28,16
822,0.4393709323780249,Lose,18,12
823,0.4389315614456469,Lose,22,13
824,0.43849262988420123,Lose,-21,14
825,0.438054137254317,Lose,-39,11
826,0.4376160831170627,Lose,22,16
827,0.43717846703394564,Lose,-19,12
828,0.4367412885669117,Lose,-31,11
829,0.4363045472783448,Lose,18,11
830,0.43586824273106645,Lose,-102,21
831,0.4354323744883354,Lose,50,18
832,0.43499694211384704,Win,-43,29
833,0.4345619451717332,Lose,-30,15
834,0.43412738322656147,Lose,18,11
835,0.4336932558433349,Lose,-120,15
836,0.43325956258749154,Lose,16,16
837,0.43282630302490405,Lose,-37,10
838,0.43239347672187917,Lose,-22,14
839,0.4319610832451573,Lose,-130,29
840,0.43152912216191214,Lose,-19,12
841,0.4310975930397502,Lose,-41,15
842,0.43066649544671043,Lose,-112,8
843,0.4302358289512637,Lose,-22,14
844,0.4298055931223125,Lose,-37,17
845,0.42937578752919014,Lose,-26,17
846,0.4289464117416609,Lose,18,11
847,0.42851746532991924,Lose,0,17
848,0.42808894786458934,Lose,18,11
849,0.42766085891672473,Lose,-19,12
850,0.427233198057808,Lose,-105,15
851,0.4268059648597502,Lose,-45,11
852,0.4263791588948904,Lose,-96,6
853,0.42595277973599555,Lose,26,18
854,0.42552682695625954,Lose,-23,10
855,0.4251013001293033,Lose,58,8
856,0.424676198829174,Lose,-37,8
857,0.4242515226303448,Lose,-4,13
858,0.42382727110771445,Lose,-63,16
859,0.4234034438366067,Lose,18,11
860,0.4229800403927701,Lose,-39,11
861,0.42255706035237733,Lose,-114,11
862,0.42213450329202495,Lose,-30,15
863,0.4217123687887329,Lose,36,11
864,0.4212906564199442,Lose,34,14
865,0.42086936576352424,Lose,-55,15
866,0.4204484963977607,Lose,18,11
867,0.42002804790136294,Lose,50,7
868,0.4196080198534616,Lose,-37,10
869,0.4191884118336081,Lose,-17,8
870,0.41876922342177453,Lose,-96,6
871,0.41835045419835276,Lose,-17,8
872,0.4179321037441544,Lose,-118,17
873,0.41751417164041027,Lose,18,11
874,0.41709665746876984,Lose,-14,16
875,0.4166795608113011,Lose,-55,20
876,0.41626288125048977,Lose,-382,100
877,0.41584661836923925,Lose,-112,10
878,0.41543077175087,Lose,26,12
879,0.41501534097911913,Lose,-132,24
880,0.41460032563814003,Lose,-112,8
881,0.4141857253125019,Lose,-41,13
882,0.41377153958718943,Lose,-199,28
883,0.4133577680476022,Lose,-100,7
884,0.4129444102795546,Lose,-25,7
885,0.412531465869275,Lose,-10,18
886,0.41211893440340575,Lose,-93,16
887,0.41170681546900234,Lose,-118,20
888,0.41129510865353336,Lose,18,11
889,0.41088381354487985,Lose,-25,7
890,0.410472929731335,Lose,-100,7
891,0.41006245680160364,Lose,-100,7
892,0.40965239434480205,Lose,-91,27
893,0.40924274195045723,Lose,-100,7
894,0.40883349920850676,Lose,-37,8
895,0.40842466570929825,Lose,-206,17
896,0.40801624104358897,Win,-548,72
897,0.4076082248025454,Lose,-25,7
898,0.4072006165777428,Lose,-34,17
899,0.4067934159611651,Lose,-23,11
900,0.4063866225452039,Lose,-189,22
901,0.4059802359226587,Lose,-57,11
902,0.40557425568673605,Lose,16,15
903,0.40516868143104934,Lose,22,13
904,0.4047635127496183,Lose,-25,7
905,0.4043587492368687,Lose,-57,11
906,0.4039543904876318,Lose,-21,8
907,0.4035504360971442,Lose,-10,17
908,0.40314688566104706,Lose,-22,14
909,0.402743738775386,Lose,-25,7
910,0.4023409950366106,Lose,-3,22
911,0.401938654041574,Lose,-45,12
912,0.4015367153875324,Lose,-30,15
913,0.4011351786721449,Lose,-1877,100
914,0.40073404349347275,Lose,52,11
915,0.40033330944997925,Lose,-25,7
916,0.39993297614052925,Lose,-30,15
917,0.3995330431643887,Lose,-57,11
918,0.39913351012122433,Lose,-17,8
919,0.3987343766111031,Win,-1118,64
920,0.398335642234492,Lose,-100,7
921,0.3979373065922575,Lose,-18,16
922,0.39753936928566525,Lose,-57,11
923,0.3971418299163796,Lose,-186,21
924,0.3967446880864632,Lose,-94,19
925,0.3963479433983767,Lose,34,13
926,0.3959515954549783,Lose,-21,9
927,0.39555564385952335,Lose,-110,25
928,0.39516008821566384,Lose,-17,8
929,0.3947649281274482,Lose,-237,27
930,0.3943701631993207,Lose,-2646,100
931,0.3939757930361214,Lose,-35,12
932,0.3935818172430853,Lose,-57,13
933,0.3931882354258422,Lose,-22,14
934,0.39279504719041636,Lose,-142,18
935,0.39240225214322594,Lose,34,14
936,0.39200984989108273,Lose,-169,19
937,0.39161784004119166,Lose,6,18
938,0.39122622220115044,Lose,-96,6
939,0.3908349959789493,Lose,-21,9
940,0.3904441609829703,Lose,-13,8
941,0.3900537168219873,Lose,-73,12
942,0.3896636631051653,Lose,-46,5
943,0.38927399944206015,Win,-901,67
944,0.3888847254426181,Lose,-53,12
945,0.38849584071717547,Lose,-35,7
946,0.3881073448764583,Lose,-69,14
947,0.3877192375315819,Lose,6,16
948,0.3873315182940503,Lose,24,14
949,0.38694418677575626,Lose,-35,14
950,0.3865572425889805,Lose,-46,5
951,0.38617068534639154,Lose,12,14
952,0.38578451466104513,Lose,-17,8
953,0.3853987301463841,Lose,2,12
954,0.3850133314162377,Lose,-86,15
955,0.3846283180848215,Lose,-77,21
956,0.3842436897667367,Lose,-69,14
957,0.3838594460769699,Lose,30,16
958,0.38347558663089293,Lose,-100,7
959,0.38309211104426205,Lose,-58,18
960,0.3827090189332178,Lose,-23,11
961,0.38232630991428457,Lose,-30,15
962,0.38194398360437026,Lose,-57,11
963,0.3815620396207659,Lose,-25,7
964,0.38118047758114515,Lose,-57,12
965,0.380799297103564,Lose,-26,16
966,0.3804184978064605,Lose,22,10
967,0.380038079308654,Lose,-14,16
968,0.3796580412293454,Lose,30,21
969,0.379278383188116,Lose,-71,18
970,0.3788991048049279,Lose,-26,16
971,0.37852020570012296,Lose,-22,14
972,0.37814168549442284,Lose,-23,11
973,0.3777635438089284,Lose,6,14
974,0.3773857802651195,Lose,-89,24
975,0.37700839448485435,Lose,-25,7
976,0.3766313860903695,Lose,-56,26
977,0.37625475470427916,Lose,-897,100
978,0.3758784999495749,Lose,18,11
979,0.3755026214496253,Lose,-118,20
980,0.3751271188281757,Lose,-26,18
981,0.3747519917093475,Lose,-37,8
982,0.37437723971763814,Lose,-999,94
983,0.37400286247792053,Lose,36,12
984,0.3736288596154426,Lose,-46,5
985,0.37325523075582717,Lose,18,11
986,0.37288197552507135,Lose,-151,27
987,0.37250909354954626,Lose,18,11
988,0.37213658445599673,Lose,22,10
989,0.3717644478715407,Lose,-27,11
990,0.3713926834236692,Win,-129,29
991,0.37102129074024554,Lose,58,8
992,0.3706502694495053,Lose,34,14
993,0.3702796191800558,Lose,18,11
994,0.36990933956087574,Lose,-29,8
995,0.36953943022131486,Win,-1180,71
996,0.3691698907910935,Lose,50,7
997,0.3688007209003024,Lose,-25,7
998,0.36843192017940213,Lose,-835,60
999,0.36806348825922275,Lose,2,12
1000,0.3676954247709635,Lose,-25,7
1001,0.36732772934619257,Lose,44,16
1002,0.3669604016168464,Win,-350,44
1003,0.3665934412152296,Lose,-39,9
1004,0.3662268477740143,Lose,-132,29
1005,0.36586062092624033,Lose,-154,100
1006,0.3654947603053141,Lose,-92,8
1007,0.36512926554500874,Lose,-27,7
1008,0.36476413627946375,Lose,54,6
1009,0.3643993721431843,Lose,-23,11
1010,0.36403497277104113,Lose,-50,16
1011,0.3636709377982701,Lose,26,12
1012,0.3633072668604718,Lose,-189,27
1013,0.36294395959361136,Win,-736,61
1014,0.36258101563401773,Lose,-96,6
1015,0.3622184346183837,Lose,-19,13
1016,0.36185621618376534,Lose,-1052,100
1017,0.36149435996758156,Lose,26,11
1018,0.361132865607614,Lose,-70,24
1019,0.36077173274200636,Lose,-25,7
1020,0.36041096100926434,Lose,-337,29
1021,0.3600505500482551,Lose,-25,7
1022,0.35969049949820686,Lose,-14,16
1023,0.3593308089987087,Lose,-35,7
1024,0.35897147818971,Lose,48,7
1025,0.3586125067115203,Lose,-45,15
1026,0.35825389420480874,Lose,-57,11
1027,0.35789564031060395,Lose,34,14
1028,0.35753774467029337,Lose,-128,10
1029,0.3571802069256231,Lose,-46,5
1030,0.3568230267186975,Lose,29,5
1031,0.3564662036919788,Lose,-270,27
1032,0.35610973748828684,Lose,26,12
1033,0.35575362775079855,Win,-2059,87
1034,0.35539787412304774,Lose,32,13
1035,0.3550424762489247,Lose,50,7
1036,0.3546874337726758,Lose,-97,14
1037,0.35433274633890316,Lose,-57,11
1038,0.35397841359256427,Lose,22,10
1039,0.3536244351789717,Lose,-25,7
1040,0.35327081074379274,Lose,-43,14
1041,0.352917539933049,Lose,-140,23
1042,0.3525646223931159,Lose,-112,8
1043,0.3522120577707228,Lose,-136,31
1044,0.3518598457129521,Lose,-33,26
1045,0.35150798586723914,Lose,-112,8
1046,0.3511564778813719,Lose,18,11
1047,0.3508053214034905,Lose,-25,7
1048,0.35045451608208705,Lose,36,9
1049,0.350104061566005,Lose,-60,17
1050,0.349753957504439,Lose,-47,16
1051,0.3494042035469346,Lose,-30,15
1052,0.3490547993433876,Lose,-96,6
1053,0.34870574454404424,Lose,-17,7
1054,0.3483570387995002,Lose,-100,7
1055,0.3480086817607007,Lose,-23,11
1056,0.34766067307894,Lose,-45,15
1057,0.34731301240586104,Lose,-22,14
1058,0.3469656993934552,Lose,-46,18
1059,0.3466187336940617,Lose,-21,6
1060,0.34627211496036764,Lose,-50,16
1061,0.3459258428454073,Lose,-153,24
1062,0.34557991700256185,Lose,-339,30
1063,0.3452343370855593,Lose,-85,22
1064,0.34488910274847373,Lose,-50,16
1065,0.34454421364572524,Lose,-46,5
1066,0.3441996694320795,Lose,-105,15
1067,0.34385546976264747,Lose,-17,8
1068,0.34351161429288485,Lose,-110,20
1069,0.34316810267859194,Lose,-37,8
1070,0.34282493457591334,Lose,-118,20
1071,0.3424821096413374,Lose,-862,57
1072,0.3421396275316961,Win,-1437,81
1073,0.34179748790416437,Lose,-96,6
1074,0.3414556904162602,Lose,28,14
1075,0.34111423472584396,Lose,-69,14
1076,0.34077312049111813,Lose,50,16
1077,0.340432347370627,Lose,-43,14
1078,0.34009191502325636,Lose,-14,16
1079,0.3397518231082331,Win,-1,22
1080,0.33941207128512485,Lose,22,13
1081,0.3390726592138397,Lose,-37,10
1082,0.3387335865546259,Lose,-78,18
1083,0.33839485296807126,Lose,-57,11
1084,0.3380564581151032,Lose,34,14
1085,0.33771840165698813,Lose,18,11
1086,0.33738068325533116,Lose,-35,7
1087,0.3370433025720758,Lose,-22,14
1088,0.33670625926950376,Lose,-42,29
1089,0.33636955301023425,Lose,0,20
1090,0.336033183457224,Lose,-53,13
1091,0.3356971502737668,Lose,54,16
1092,0.335361453123493,Lose,-19,13
1093,0.3350260916703695,Lose,-25,7
1094,0.33469106557869915,Lose,2,12
1095,0.33435637451312045,Lose,18,11
1096,0.3340220181386073,Lose,18,11
1097,0.33368799612046873,Lose,-18,21
1098,0.33335430812434824,Lose,50,18
1099,0.3330209538162239,Lose,-73,12
1100,0.33268793286240766,Lose,-1197,98
1101,0.33235524492954527,Lose,-45,15
1102,0.33202288968461574,Lose,-1072,100
1103,0.33169086679493115,Lose,-35,12
1104,0.33135917592813624,Lose,34,14
1105,0.3310278167522081,Win,-753,66
1106,0.3306967889354559,Lose,18,11
1107,0.33036609214652046,Lose,6,16
1108,0.3300357260543739,Lose,18,11
1109,0.32970569032831953,Lose,22,10
1110,0.3293759846379912,Lose,-22,14
1111,0.3290466086533532,Lose,30,21
1112,0.3287175620446999,Lose,-952,81
1113,0.32838884448265515,Lose,-67,17
1114,0.3280604556381725,Lose,6,12
1115,0.32773239518253433,Lose,-53,12
1116,0.3274046627873518,Lose,-27,7
1117,0.32707725812456445,Lose,-66,7
1118,0.32675018086643987,Lose,12,19
1119,0.32642343068557345,Lose,-50,16
1120,0.3260970072548879,Lose,-25,7
1121,0.325770910247633,Lose,-50,16
1122,0.32544513933738534,Lose,26,17
1123,0.3251196941980479,Lose,-21,15
1124,0.32479457450384985,Win,78,18
1125,0.324469779929346,Lose,-81,14
1126,0.32414531014941667,Lose,-94,19
1127,0.32382116483926726,Lose,-39,9
1128,0.323497343674428,Lose,-67,15
1129,0.3231738463307536,Lose,-1982,100
1130,0.32285067248442284,Lose,18,11
1131,0.3225278218119384,Lose,-23,11
1132,0.3222052939901265,Lose,-4,13
1133,0.32188308869613635,Lose,-14,16
1134,0.3215612056074402,Win,-292,36
1135,0.3212396444018328,Lose,-130,28
1136,0.32091840475743094,Lose,-37,8
1137,0.3205974863526735,Lose,-39,11
1138,0.32027688886632083,Lose,-82,18
1139,0.3199566119774545,Lose,-53,21
1140,0.31963665536547703,Lose,-60,17
1141,0.31931701871011153,Lose,-17,8
1142,0.3189977016914014,Lose,-1363,100
1143,0.31867870398971,Lose,18,11
1144,0.31836002528572027,Lose,-22,14
1145,0.31804166526043454,Lose,-71,15
1146,0.3177236235951741,Win,-490,65
1147,0.3174058999715789,Lose,-18,16
1148,0.31708849407160733,Lose,-318,42
1149,0.31677140557753575,Lose,-50,16
1150,0.31645463417195824,Lose,2,12
1151,0.3161381795377863,Lose,-30,15
1152,0.3158220413582485,Lose,-25,7
1153,0.3155062193168902,Lose,0,17
1154,0.31519071309757335,Lose,-82,18
1155,0.3148755223844758,Lose,-26,17
1156,0.31456064686209134,Lose,-79,18
1157,0.31424608621522926,Lose,-37,8
1158,0.31393184012901404,Win,-55,24
1159,0.31361790828888503,Lose,-37,8
1160,0.31330429038059615,Lose,-497,100
1161,0.31299098609021553,Lose,18,11
1162,0.3126779951041253,Lose,26,12
1163,0.31236531710902116,Lose,-97,14
1164,0.3120529517919121,Lose,-60,17
1165,0.3117408988401202,Lose,18,11
1166,0.31142915794128007,Lose,6,16
1167,0.31111772878333877,Lose,0,17
1168,0.3108066110545554,Lose,-30,20
1169,0.3104958044435009,Lose,-149,23
1170,0.3101853086390574,Lose,-85,26
1171,0.30987512333041833,Lose,22,13
1172,0.3095652482070879,Lose,22,10
1173,0.30925568295888084,Lose,-21,14
1174,0.308946427275922,Lose,6,16
1175,0.30863748084864606,Lose,-25,7
1176,0.3083288433677974,Lose,-151,24
1177,0.30802051452442963,Lose,-43,12
1178,0.3077124940099052,Lose,-73,18
1179,0.3074047815158953,Lose,-178,24
1180,0.30709737673437937,Lose,70,10
1181,0.30679027935764497,Lose,-22,14
1182,0.3064834890782873,Lose,-22,14
1183,0.306177005589209,Win,-119,29
1184,0.3058708285836198,Lose,-17,8
1185,0.30556495775503617,Lose,-26,17
1186,0.30525939279728115,Lose,-214,28
1187,0.30495413340448385,Lose,-86,20
1188,0.3046491792710794,Lose,-185,20
1189,0.3043445300918083,Lose,34,14
1190,0.30404018556171647,Lose,18,11
1191,0.30373614537615473,Lose,0,17
1192,0.3034324092307786,Lose,18,11
1193,0.3031289768215478,Lose,-25,7
1194,0.30282584784472627,Lose,-25,7
1195,0.3025230219968815,Lose,-30,15
1196,0.3022204989748846,Lose,34,14
1197,0.30191827847590974,Lose,-40,21
1198,0.3016163601974338,Lose,-25,7
1199,0.3013147438372364,Lose,-59,14
1200,0.3010134290933992,Lose,18,11
1201,0.3007124156643058,Lose,26,12
1202,0.30041170324864147,Lose,-71,16
1203,0.30011129154539284,Lose,-97,14
1204,0.29981118025384745,Lose,-124,28
1205,0.2995113690735936,Lose,-55,15
1206,0.29921185770452,Lose,-14,16
1207,0.2989126458468155,Lose,-35,11
1208,0.2986137332009687,Lose,-23,11
1209,0.29831511946776773,Lose,-100,7
1210,0.29801680434829997,Win,80,22
1211,0.29771878754395165,Lose,26,12
1212,0.29742106875640767,Lose,2,12
1213,0.29712364768765126,Lose,-57,18
1214,0.2968265240399636,Lose,-39,9
1215,0.2965296975159237,Lose,18,11
1216,0.29623316781840775,Lose,-21,6
1217,0.29593693465058934,Lose,-8,100
1218,0.29564099771593877,Lose,-22,14
1219,0.2953453567182228,Win,-141,35
1220,0.2950500113615046,Lose,-39,11
1221,0.2947549613501431,Lose,-67,14
1222,0.294460206388793,Lose,18,11
1223,0.2941657461824042,Lose,18,11
1224,0.2938715804362218,Lose,14,13
1225,0.2935777088557856,Lose,-67,14
1226,0.2932841311469298,Lose,-22,14
1227,0.2929908470157829,Lose,-4,13
1228,0.2926978561687671,Lose,-22,14
1229,0.29240515831259833,Win,-264,60
1230,0.29211275315428575,Lose,-25,7
1231,0.2918206404011315,Lose,-62,20
1232,0.29152881976073036,Lose,-4,16
1233,0.2912372909409696,Lose,-22,14
1234,0.2909460536500286,Lose,-30,15
1235,0.2906551075963786,Win,-38,23
1236,0.2903644524887822,Lose,-52,20
1237,0.2900740880362934,Lose,70,10
1238,0.28978401394825715,Lose,-57,12
1239,0.2894942299343089,Lose,-25,7
1240,0.2892047357043746,Lose,-135,20
1241,0.28891553096867023,Lose,-50,16
1242,0.2886266154377016,Lose,-29,13
1243,0.28833798882226386,Lose,58,8
1244,0.2880496508334416,Lose,-450,100
1245,0.28776160118260813,Lose,-26,17
1246,0.2874738395814255,Lose,-6,16
1247,0.2871863657418441,Lose,-147,20
1248,0.28689917937610226,Win,-606,78
1249,0.2866122801967262,Lose,-1499,100
1250,0.28632566791652947,Lose,-137,22
1251,0.28603934224861294,Win,-67,29
1252,0.2857533029063643,Lose,-82,18
1253,0.28546754960345794,Lose,26,12
1254,0.2851820820538545,Lose,6,6
1255,0.2848968999718006,Lose,-30,15
1256,0.2846120030718288,Lose,38,8
1257,0.284327391068757,Lose,-14,16
1258,0.2840430636776882,Lose,18,11
1259,0.28375902061401054,Lose,-30,15
1260,0.28347526159339653,Lose,34,14
1261,0.28319178633180314,Lose,18,11
1262,0.28290859454547135,Lose,6,16
1263,0.28262568595092585,Lose,-22,14
1264,0.2823430602649749,Lose,-23,11
1265,0.28206071720470993,Lose,-25,7
1266,0.2817786564875052,Lose,70,32
1267,0.28149687783101773,Lose,-41,14
1268,0.2812153809531867,Lose,-37,8
1269,0.28093416557223355,Lose,-92,8
1270,0.2806532314066613,Lose,-39,14
1271,0.2803725781752547,Lose,18,11
1272,0.2800922055970794,Win,-941,61
1273,0.2798121133914823,Lose,-39,18
1274,0.2795323012780908,Lose,46,10
1275,0.2792527689768127,Lose,-22,14
1276,0.2789735162078359,Lose,-97,20
1277,0.2786945426916281,Lose,34,14
1278,0.27841584814893644,Lose,-57,12
1279,0.2781374323007875,Lose,-1247,100
1280,0.27785929486848676,Lose,-25,7
1281,0.27758143557361825,Lose,50,7
1282,0.27730385413804465,Lose,22,13
1283,0.2770265502839066,Lose,-14,16
1284,0.2767495237336227,Lose,-22,14
1285,0.2764727742098891,Lose,-25,7
1286,0.2761963014356792,Lose,-443,40
1287,0.27592010513424353,Lose,18,11
1288,0.2756441850291093,Lose,-23,11
1289,0.2753685408440802,Lose,18,11
1290,0.2750931723032361,Lose,-14,16
1291,0.27481807913093287,Lose,18,11
1292,0.27454326105180193,Lose,18,11
1293,0.2742687177907501,Lose,18,11
1294,0.2739944490729594,Win,50,23
1295,0.27372045462388644,Lose,-23,11
1296,0.2734467341692626,Lose,58,22
1297,0.27317328743509334,Lose,-30,15
1298,0.27290011414765825,Lose,-37,8
1299,0.2726272140335106,Lose,22,13
1300,0.27235458681947705,Lose,6,16
1301,0.2720822322326576,Lose,-100,7
1302,0.2718101500004249,Lose,-6,16
1303,0.27153833985042447,Lose,6,16
1304,0.27126680151057403,Lose,-43,14
1305,0.27099553470906346,Lose,-30,15
1306,0.2707245391743544,Lose,34,14
1307,0.27045381463518003,Lose,-23,11
1308,0.27018336082054484,Lose,-270,27
1309,0.2699131774597243,Win,-193,52
1310,0.2696432642822646,Lose,-131,19
1311,0.26937362101798235,Lose,18,11
1312,0.26910424739696437,Lose,-37,8
1313,0.2688351431495674,Lose,-39,11
1314,0.26856630800641784,Lose,22,13
1315,0.2682977416984114,Lose,2,14
1316,0.268029443956713,Lose,-235,29
1317,0.2677614145127563,Lose,-25,7
1318,0.2674936530982436,Lose,-17,7
1319,0.26722615944514533,Lose,-79,24
1320,0.2669589332857002,Lose,-79,16
1321,0.2666919743524145,Lose,-50,16
1322,0.26642528237806207,Lose,-47,16
1323,0.266158857095684,Lose,-30,15
1324,0.2658926982385883,Lose,2,12
1325,0.26562680554034973,Lose,-89,16
1326,0.26536117873480936,Lose,-21,7
1327,0.26509581755607453,Lose,-14,16
1328,0.26483072173851846,Lose,-26,17
1329,0.26456589101677996,Lose,-26,18
1330,0.2643013251257632,Lose,-121,24
1331,0.2640370238006374,Lose,-21,6
1332,0.2637729867768368,Lose,-50,16
1333,0.26350921379006,Lose,-25,7
1334,0.26324570457626995,Lose,-96,9
1335,0.2629824588716937,Lose,-39,11
1336,0.262719476412822,Win,82,22
1337,0.2624567569364092,Lose,22,13
1338,0.26219430017947276,Lose,2,14
1339,0.2619321058792933,Lose,-22,14
1340,0.261670173773414,Lose,50,7
1341,0.2614085035996406,Lose,-49,12
1342,0.26114709509604095,Lose,-25,7
1343,0.2608859480009449,Lose,58,17
1344,0.26062506205294395,Lose,-150,24
1345,0.260364436990891,Lose,-174,23
1346,0.2601040725539001,Lose,18,11
1347,0.2598439684813462,Lose,50,7
1348,0.2595841245128649,Lose,-30,15
1349,0.259324540388352,Lose,-51,17
1350,0.25906521584796366,Lose,18,11
1351,0.2588061506321157,Lose,34,14
1352,0.2585473444814836,Lose,18,11
1353,0.2582887971370021,Lose,26,12
1354,0.2580305083398651,Lose,-193,20
1355,0.2577724778315252,Lose,-30,15
1356,0.25751470535369364,Lose,-39,12
1357,0.25725719064833996,Lose,-47,14
1358,0.2569999334576916,Lose,-10,18
1359,0.25674293352423394,Lose,-35,14
1360,0.2564861905907097,Lose,-73,12
1361,0.256229704400119,Lose,-82,18
1362,0.25597347469571885,Lose,-22,14
1363,0.25571750122102316,Lose,-82,18
1364,0.25546178371980216,Lose,-46,20
1365,0.25520632193608234,Win,-334,42
1366,0.25495111561414624,Lose,2,12
1367,0.2546961644985321,Lose,-35,14
1368,0.2544414683340336,Lose,34,14
1369,0.25418702686569955,Lose,34,20
1370,0.25393283983883386,Lose,-60,17
1371,0.25367890699899504,Lose,18,11
1372,0.253425228091996,Lose,-775,100
1373,0.253171802863904,Win,-542,57
1374,0.2529186310610401,Win,-34,26
1375,0.2526657124299791,Win,-690,66
1376,0.2524130467175491,Lose,38,15
1377,0.2521606336708316,Lose,30,16
1378,0.25190847303716074,Lose,-22,14
1379,0.25165656456412355,Lose,-37,8
1380,0.25140490799955945,Lose,2,12
1381,0.25115350309155987,Win,-247,53
1382,0.2509023495884683,Lose,-79,13
1383,0.25065144723887983,Lose,26,12
1384,0.25040079579164093,Lose,2,12
1385,0.2501503949958493,Lose,0,17
1386,0.24990024460085344,Lose,46,10
1387,0.24965034435625258,Lose,50,7
1388,0.24940069401189632,Lose,-45,15
1389,0.24915129331788444,Lose,-14,16
1390,0.24890214202456656,Lose,-790,60
1391,0.248653239882542,Lose,-22,14
1392,0.24840458664265946,Lose,-17,8
1393,0.2481561820560168,Lose,26,12
1394,0.2479080258739608,Lose,-102,7
1395,0.24766011784808684,Lose,58,8
1396,0.24741245773023876,Lose,-17,20
1397,0.24716504527250852,Lose,-17,8
1398,0.24691788022723601,Lose,-83,16
1399,0.24667096234700878,Lose,-22,14
1400,0.24642429138466176,Lose,-117,20
1401,0.2461778670932771,Lose,18,11
1402,0.24593168922618383,Lose,22,10
1403,0.24568575753695765,Lose,-21,7
1404,0.2454400717794207,Lose,30,15
1405,0.24519463170764128,Lose,-19,13
1406,0.24494943707593364,Win,-601,81
1407,0.24470448763885772,Lose,-588,100
1408,0.24445978315121886,Lose,18,11
1409,0.24421532336806764,Win,-1370,96
1410,0.24397110804469957,Lose,34,14
1411,0.24372713693665488,Lose,-22,14
1412,0.24348340979971822,Lose,-12,27
1413,0.2432399263899185,Lose,26,17
1414,0.2429966864635286,Lose,-94,19
1415,0.24275368977706507,Lose,32,16
1416,0.24251093608728802,Lose,22,13
1417,0.24226842515120073,Lose,-10,18
1418,0.24202615672604952,Lose,28,15
1419,0.24178413056932346,Lose,22,13
1420,0.24154234643875414,Lose,34,14
1421,0.24130080409231539,Lose,-46,5
1422,0.24105950328822306,Lose,6,16
1423,0.24081844378493483,Lose,-73,12
1424,0.2405776253411499,Lose,-1776,100
1425,0.24033704771580874,Lose,-85,19
1426,0.24009671066809293,Lose,18,11
1427,0.23985661395742483,Lose,18,11
1428,0.2396167573434674,Lose,-17,8
1429,0.23937714058612394,Lose,-17,8
1430,0.23913776344553783,Lose,-18,19
1431,0.2388986256820923,Lose,30,15
1432,0.2386597270564102,Win,78,18
1433,0.23842106732935378,Lose,18,11
1434,0.23818264626202443,Lose,-57,12
1435,0.2379444636157624,Lose,-21,9
1436,0.23770651915214663,Lose,-14,16
1437,0.2374688126329945,Lose,18,11
1438,0.23723134382036148,Lose,10,12
1439,0.23699411247654112,Lose,54,6
1440,0.23675711836406457,Lose,26,12
1441,0.2365203612457005,Lose,-22,14
1442,0.2362838408844548,Win,-930,61
1443,0.23604755704357036,Lose,-26,15
1444,0.2358115094865268,Lose,-26,18
1445,0.23557569797704025,Lose,18,11
1446,0.2353401222790632,Lose,-60,17
1447,0.23510478215678413,Lose,-21,14
1448,0.23486967737462733,Lose,-39,11
1449,0.2346348076972527,Lose,-17,8
1450,0.23440017288955545,Lose,-90,21
1451,0.2341657727166659,Lose,-30,15
1452,0.2339316069439492,Lose,-17,8
1453,0.23369767533700525,Lose,22,13
1454,0.23346397766166824,Lose,-39,9
1455,0.23323051368400657,Lose,-25,7
1456,0.23299728317032256,Lose,-110,7
1457,0.23276428588715223,Lose,-601,100
1458,0.23253152160126508,Win,-145,57
1459,0.23229899007966381,Lose,-60,17
1460,0.23206669108958414,Lose,-17,8
1461,0.23183462439849456,Lose,6,16
1462,0.23160278977409607,Lose,-170,18
1463,0.23137118698432196,Lose,-39,9
1464,0.23113981579733764,Lose,44,7
1465,0.2309086759815403,Lose,-49,12
1466,0.23067776730555875,Lose,-6,22
1467,0.23044708953825319,Lose,-25,7
1468,0.23021664244871493,Lose,-128,10
1469,0.22998642580626621,Lose,56,13
1470,0.22975643938045995,Lose,22,13
1471,0.2295266829410795,Lose,6,12
1472,0.22929715625813843,Win,-37,27
1473,0.2290678591018803,Lose,-30,15
1474,0.22883879124277842,Lose,-60,17
1475,0.22860995245153565,Lose,-21,8
1476,0.22838134249908412,Lose,-1400,100
1477,0.22815296115658504,Lose,-23,11
1478,0.22792480819542846,Lose,-77,14
1479,0.22769688338723304,Lose,-25,7
1480,0.22746918650384582,Lose,18,11
1481,0.22724171731734197,Lose,-30,15
1482,0.22701447560002463,Lose,34,14
1483,0.2267874611244246,Lose,-17,8
1484,0.22656067366330018,Win,-856,78
1485,0.22633411298963688,Lose,58,8
1486,0.22610777887664724,Lose,14,20
1487,0.22588167109777058,Lose,50,7
1488,0.2256557894266728,Lose,-25,7
1489,0.22543013363724612,Lose,18,11
1490,0.22520470350360888,Lose,48,9
1491,0.2249794988001053,Lose,-21,9
1492,0.2247545193013052,Lose,18,11
1493,0.22452976478200387,Lose,-4022,100
1494,0.22430523501722185,Lose,-1426,100
1495,0.22408092978220462,Lose,-22,14
1496,0.2238568488524224,Lose,-69,14
1497,0.22363299200356998,Win,-184,32
1498,0.22340935901156642,Lose,68,32
1499,0.22318594965255484,Lose,-21,9
1500,0.22296276370290227,Lose,-26,17
1501,0.22273980093919937,Lose,2,12
1502,0.22251706113826017,Lose,22,13
1503,0.2222945440771219,Lose,52,15
1504,0.22207224953304477,Lose,18,11
1505,0.22185017728351172,Lose,-90,21
1506,0.2216283271062282,Win,78,18
1507,0.22140669877912197,Lose,-39,11
1508,0.22118529208034285,Lose,-30,15
1509,0.2209641067882625,Lose,2,12
1510,0.22074314268147424,Lose,-169,19
1511,0.22052239953879277,Lose,-50,18
1512,0.22030187713925398,Lose,-30,15
1513,0.22008157526211472,Lose,-21,15
1514,0.2198614936868526,Lose,-39,11
1515,0.21964163219316574,Lose,-46,21
1516,0.21942199056097256,Lose,50,7
1517,0.2192025685704116,Lose,-6,16
1518,0.21898336600184118,Lose,-25,7
1519,0.21876438263583933,Lose,12,15
1520,0.21854561825320348,Lose,-23,11
1521,0.21832707263495027,Lose,-22,14
1522,0.21810874556231533,Lose,-30,20
1523,0.217890636816753,Lose,30,15
1524,0.21767274617993623,Lose,2,12
1525,0.2174550734337563,Lose,-25,7
1526,0.21723761836032254,Lose,-118,20
1527,0.21702038074196223,Lose,34,14
1528,0.21680336036122028,Lose,-75,54
1529,0.21658655700085905,Lose,-25,7
1530,0.2163699704438582,Lose,-21,9
1531,0.21615360047341434,Lose,-22,14
1532,0.21593744687294092,Lose,18,11
1533,0.21572150942606796,Lose,18,11
1534,0.2155057879166419,Lose,-30,15
1535,0.21529028212872525,Lose,-50,16
1536,0.21507499184659654,Win,82,17
1537,0.21485991685474995,Lose,-292,31
1538,0.2146450569378952,Lose,-25,7
1539,0.21443041188095732,Lose,26,12
1540,0.21421598146907636,Lose,18,11
1541,0.21400176548760727,Lose,-81,14
1542,0.21378776372211966,Lose,34,14
1543,0.21357397595839755,Lose,-25,7
1544,0.21336040198243916,Lose,18,11
1545,0.21314704158045672,Lose,-19,12
1546,0.21293389453887626,Lose,-22,14
1547,0.21272096064433738,Lose,-1025,100
1548,0.21250823968369303,Lose,18,11
1549,0.21229573144400934,Lose,-60,17
1550,0.21208343571256533,Lose,18,11
1551,0.21187135227685275,Lose,50,16
1552,0.2116594809245759,Lose,-30,15
1553,0.21144782144365132,Lose,22,13
1554,0.21123637362220768,Lose,18,11
1555,0.21102513724858546,Lose,-46,5
1556,0.21081411211133688,Lose,-10,18
1557,0.21060329799922556,Lose,30,15
1558,0.21039269470122635,Lose,-13,30
1559,0.21018230200652513,Lose,-426,83
1560,0.2099721197045186,Lose,-74,20
1561,0.20976214758481407,Lose,34,14
1562,0.20955238543722926,Lose,26,12
1563,0.20934283305179202,Win,82,17
1564,0.20913349021874023,Lose,6,16
1565,0.2089243567285215,Lose,-22,14
1566,0.20871543237179296,Win,-734,49
1567,0.20850671693942116,Lose,-47,17
1568,0.20829821022248174,Lose,-25,7
1569,0.20808991201225926,Lose,-23,11
1570,0.207881822100247,Win,-1080,89
1571,0.20767394027814676,Lose,18,11
1572,0.2074662663378686,Lose,26,12
1573,0.20725880007153075,Lose,26,12
1574,0.20705154127145922,Lose,22,13
1575,0.20684448973018776,Lose,22,13
1576,0.20663764524045758,Lose,-39,14
1577,0.20643100759521713,Lose,-19,13
1578,0.20622457658762192,Lose,-89,27
1579,0.2060183520110343,Lose,22,13
1580,0.20581233365902327,Lose,-25,7
1581,0.20560652132536425,Lose,54,22
1582,0.20540091480403888,Lose,18,11
1583,0.20519551388923485,Lose,18,11
1584,0.20499031837534562,Lose,-65,18
1585,0.20478532805697028,Lose,-22,17
1586,0.2045805427289133,Lose,-118,20
1587,0.20437596218618437,Lose,34,14
1588,0.2041715862239982,Lose,18,11
1589,0.2039674146377742,Lose,-21,6
1590,0.20376344722313644,Lose,-11,29
1591,0.2035596837759133,Lose,-23,11
1592,0.20335612409213738,Lose,34,14
1593,0.20315276796804524,Lose,18,11
1594,0.2029496152000772,Lose,26,12
1595,0.20274666558487714,Lose,-23,11
1596,0.20254391891929227,Lose,-50,16
1597,0.20234137500037297,Lose,-26,17
1598,0.20213903362537258,Lose,18,11
1599,0.2019368945917472,Lose,2,20
1600,0.20173495769715546,Lose,34,14
1601,0.2015332227394583,Lose,-41,12
1602,0.20133168951671884,Lose,-37,8
1603,0.20113035782720212,Lose,-38,24
1604,0.20092922746937492,Lose,18,11
1605,0.20072829824190555,Lose,18,11
1606,0.20052756994366364,Lose,18,11
1607,0.20032704237371998,Lose,14,20
1608,0.20012671533134627,Lose,-17,7
1609,0.19992658861601492,Lose,52,20
1610,0.19972666202739892,Lose,-26,18
1611,0.19952693536537153,Lose,-22,14
1612,0.19932740843000615,Lose,18,11
1613,0.19912808102157614,Lose,0,17
1614,0.19892895294055457,Lose,70,10
1615,0.19873002398761402,Lose,50,8
1616,0.1985312939636264,Lose,26,13
1617,0.19833276266966277,Lose,-40,23
1618,0.1981344299069931,Lose,-162,27
1619,0.1979362954770861,Lose,-5,50
1620,0.197738359181609,Lose,-73,14
1621,0.1975406208224274,Lose,46,10
1622,0.197343080201605,Lose,-132,21
1623,0.19714573712140337,Lose,34,14
1624,0.19694859138428197,Lose,-30,15
1625,0.1967516427928977,Lose,-30,15
1626,0.1965548911501048,Lose,34,14
1627,0.19635833625895469,Lose,-441,100
1628,0.19616197792269574,Lose,-23,10
1629,0.19596581594477305,Lose,18,11
1630,0.19576985012882828,Lose,-17,17
1631,0.19557408027869944,Lose,38,8
1632,0.19537850619842073,Lose,-39,11
1633,0.19518312769222232,Lose,-74,20
1634,0.19498794456453009,Lose,-26,17
1635,0.19479295661996557,Lose,-100,7
1636,0.1945981636633456,Lose,34,14
1637,0.19440356549968224,Lose,-22,14
1638,0.19420916193418256,Lose,-242,28
1639,0.19401495277224837,Lose,18,11
1640,0.19382093781947612,Lose,-21,7
1641,0.19362711688165665,Lose,12,16
1642,0.193433489764775,Lose,38,8
1643,0.19324005627501023,Lose,-4,19
1644,0.1930468162187352,Lose,18,11
1645,0.19285376940251647,Lose,18,11
1646,0.19266091563311397,Lose,18,11
1647,0.19246825471748086,Lose,-50,16
1648,0.1922757864627634,Lose,0,17
1649,0.1920835106763006,Lose,-30,15
1650,0.19189142716562432,Win,-462,49
1651,0.1916995357384587,Lose,-17,8
1652,0.19150783620272022,Lose,-46,5
1653,0.1913163283665175,Lose,22,10
1654,0.19112501203815097,Lose,-58,22
1655,0.1909338870261128,Lose,6,16
1656,0.19074295313908668,Lose,-60,17
1657,0.1905522101859476,Lose,34,14
1658,0.19036165797576166,Lose,28,16
1659,0.1901712963177859,Lose,-50,16
1660,0.1899811250214681,Lose,-43,23
1661,0.18979114389644663,Lose,-46,5
1662,0.1896013527525502,Lose,26,12
1663,0.18941175139979763,Lose,66,34
1664,0.18922233964839782,Lose,26,12
1665,0.18903311730874942,Lose,-17,8
1666,0.18884408419144066,Lose,-189,44
1667,0.1886552401072492,Lose,-50,16
1668,0.18846658486714196,Lose,58,7
1669,0.1882781182822748,Lose,-22,14
1670,0.18808984016399252,Lose,-30,15
1671,0.18790175032382853,Lose,18,11
1672,0.1877138485735047,Lose,54,7
1673,0.1875261347249312,Lose,-25,7
1674,0.1873386085902063,Lose,-50,16
1675,0.18715126998161608,Lose,-112,8
1676,0.18696411871163446,Lose,18,11
1677,0.18677715459292282,Lose,-30,15
1678,0.1865903774383299,Lose,38,18
1679,0.18640378706089158,Lose,-29,8
1680,0.1862173832738307,Lose,18,11
1681,0.18603116589055688,Lose,2,12
1682,0.18584513472466632,Lose,6,19
1683,0.18565928958994166,Lose,-113,23
1684,0.18547363030035172,Lose,18,11
1685,0.18528815667005136,Lose,-50,16
1686,0.1851028685133813,Lose,26,17
1687,0.18491776564486792,Lose,-112,8
1688,0.18473284787922306,Lose,58,7
1689,0.18454811503134383,Lose,2,20
1690,0.18436356691631248,Lose,-19,13
1691,0.18417920334939616,Lose,58,7
1692,0.18399502414604677,Lose,18,11
1693,0.18381102912190073,Lose,-12,27
1694,0.18362721809277882,Lose,30,15
1695,0.18344359087468604,Lose,-35,11
1696,0.18326014728381135,Lose,-21,9
1697,0.18307688713652753,Lose,18,11
1698,0.182893810249391,Lose,34,14
1699,0.1827109164391416,Lose,38,18
1700,0.18252820552270246,Lose,-22,14
1701,0.18234567731717977,Lose,18,11
1702,0.1821633316398626,Lose,18,11
1703,0.18198116830822272,Lose,18,11
1704,0.1817991871399145,Lose,-2,24
1705,0.18161738795277457,Lose,-10,17
1706,0.1814357705648218,Lose,34,14
1707,0.18125433479425698,Lose,34,14
1708,0.18107308045946272,Lose,-46,5
1709,0.18089200737900324,Lose,62,24
1710,0.18071111537162424,Lose,60,24
1711,0.1805304042562526,Lose,-71,15
1712,0.18034987385199636,Lose,-17,8
1713,0.18016952397814437,Lose,-25,7
1714,0.17998935445416622,Win,-7,27
1715,0.17980936509971204,Lose,-30,15
1716,0.17962955573461234,Lose,6,16
1717,0.17944992617887773,Lose,24,14
1718,0.17927047625269885,Lose,26,12
1719,0.17909120577644616,Lose,-22,14
1720,0.17891211457066972,Lose,52,20
1721,0.17873320245609906,Lose,54,7
1722,0.17855446925364296,Lose,22,13
1723,0.17837591478438933,Lose,-30,15
1724,0.17819753886960493,Lose,-1626,100
1725,0.17801934133073533,Lose,34,14
1726,0.17784132198940458,Lose,-13,16
1727,0.1776634806674152,Lose,-50,16
1728,0.17748581718674777,Lose,-37,8
1729,0.17730833136956103,Lose,18,11
1730,0.17713102303819148,Lose,-34,16
1731,0.1769538920151533,Lose,18,11
1732,0.17677693812313813,Lose,18,11
1733,0.17660016118501498,Lose,18,11
1734,0.17642356102382997,Lose,26,13
1735,0.17624713746280615,Lose,34,25
1736,0.17607089032534334,Lose,-50,16
1737,0.175894819435018,Lose,2,12
1738,0.17571892461558297,Lose,26,12
1739,0.1755432056909674,Lose,26,12
1740,0.17536766248527644,Lose,-6,18
1741,0.17519229482279117,Lose,-232,18
1742,0.17501710252796837,Lose,-21,32
1743,0.1748420854254404,Lose,34,14
1744,0.17466724334001496,Lose,22,10
1745,0.17449257609667496,Lose,-46,5
1746,0.1743180835205783,Lose,38,29
1747,0.1741437654370577,Lose,18,11
1748,0.17396962167162064,Lose,30,21
1749,0.173795652049949,Lose,-174,23
1750,0.17362185639789907,Lose,34,14
1751,0.17344823454150116,Win,-17,18
1752,0.17327478630695967,Lose,-86,28
1753,0.1731015115206527,Lose,26,17
1754,0.17292841000913206,Lose,34,19
1755,0.17275548159912293,Lose,-62,20
1756,0.17258272611752382,Lose,30,21
1757,0.17241014339140628,Lose,34,14
1758,0.1722377332480149,Lose,-30,15
1759,0.17206549551476688,Lose,-19,13
1760,0.1718934300192521,Lose,-39,9
1761,0.17172153658923286,Lose,-22,14
1762,0.17154981505264363,Lose,-46,18
1763,0.17137826523759098,Lose,22,13
1764,0.1712068869723534,Lose,-19,12
1765,0.17103568008538103,Lose,34,14
1766,0.17086464440529564,Lose,-17,8
1767,0.17069377976089034,Lose,-21,9
1768,0.17052308598112945,Lose,6,16
1769,0.17035256289514833,Lose,114,100
1770,0.17018221033225317,Lose,-162,26
1771,0.17001202812192093,Lose,2,20
1772,0.169842016093799,Lose,22,13
1773,0.1696721740777052,Lose,22,13
1774,0.1695025019036275,Lose,18,11
1775,0.1693329994017239,Lose,28,13
1776,0.16916366640232217,Lose,18,11
1777,0.16899450273591984,Lose,-17,8
1778,0.16882550823318393,Lose,-19,12
1779,0.16865668272495074,Lose,-14,16
1780,0.1684880260422258,Lose,-50,16
1781,0.16831953801618357,Lose,22,10
1782,0.16815121847816739,Lose,-37,8
1783,0.16798306725968923,Lose,2,12
1784,0.16781508419242955,Lose,22,13
1785,0.16764726910823713,Lose,18,11
1786,0.1674796218391289,Lose,-17,17
1787,0.16731214221728977,Lose,26,12
1788,0.16714483007507247,Lose,-31,25
1789,0.1669776852449974,Lose,0,20
1790,0.1668107075597524,Lose,52,11
1791,0.16664389685219266,Lose,6,16
1792,0.16647725295534047,Lose,18,11
1793,0.16631077570238512,Lose,30,21
1794,0.16614446492668272,Lose,-2,24
1795,0.16597832046175603,Lose,-456,32
1796,0.16581234214129428,Lose,-31,18
1797,0.16564652979915298,Lose,2,12
1798,0.16548088326935384,Lose,-53,21
1799,0.1653154023860845,Lose,18,11
1800,0.1651500869836984,Lose,18,11
1801,0.1649849368967147,Lose,6,16
1802,0.164819951959818,Lose,18,11
1803,0.16465513200785817,Lose,34,14
1804,0.1644904768758503,Lose,-22,14
1805,0.16432598639897444,Win,-31,34
1806,0.16416166041257546,Lose,34,14
1807,0.16399749875216288,Lose,26,13
1808,0.16383350125341073,Lose,-17,8
1809,0.16366966775215733,Lose,-92,24
1810,0.16350599808440516,Lose,18,11
1811,0.16334249208632076,Lose,34,14
1812,0.16317914959423443,Lose,18,11
1813,0.1630159704446402,Win,-1185,98
1814,0.16285295447419557,Lose,-92,8
1815,0.16269010151972138,Lose,-21,9
1816,0.16252741141820165,Lose,34,14
1817,0.16236488400678345,Lose,-35,9
1818,0.16220251912277667,Lose,-22,14
1819,0.1620403166036539,Lose,-72,21
1820,0.16187827628705023,Lose,24,14
1821,0.16171639801076318,Lose,18,11
1822,0.1615546816127524,Lose,-132,23
1823,0.16139312693113966,Lose,-94,19
1824,0.16123173380420852,Lose,18,11
1825,0.16107050207040433,Win,-175,34
1826,0.16090943156833393,Lose,18,11
1827,0.1607485221367656,Lose,22,13
1828,0.16058777361462884,Lose,-26,17
1829,0.1604271858410142,Lose,-53,10
1830,0.16026675865517317,Lose,-8,23
1831,0.160106491896518,Lose,34,20
1832,0.15994638540462147,Lose,18,11
1833,0.15978643901921685,Lose,-15,21
1834,0.15962665258019765,Lose,26,12
1835,0.15946702592761744,Win,82,22
1836,0.15930755890168982,Lose,-22,14
1837,0.15914825134278812,Lose,-60,17
1838,0.15898910309144534,Win,-155,33
1839,0.1588301139883539,Lose,-14,14
1840,0.15867128387436555,Lose,26,13
1841,0.15851261259049118,Lose,18,11
1842,0.1583540999779007,Lose,22,13
1843,0.1581957458779228,Lose,-26,17
1844,0.15803755013204487,Lose,26,12
1845,0.15787951258191282,Lose,-50,16
1846,0.1577216330693309,Lose,56,13
1847,0.15756391143626158,Lose,22,13
1848,0.15740634752482532,Lose,38,18
1849,0.1572489411773005,Win,-1636,77
1850,0.1570916922361232,Lose,-37,8
1851,0.15693460054388708,Lose,18,11
1852,0.1567776659433432,Lose,40,24
1853,0.15662088827739984,Lose,6,16
1854,0.15646426738912245,Lose,-17,8
1855,0.1563078031217333,Lose,38,8
1856,0.15615149531861158,Lose,30,21
1857,0.15599534382329297,Lose,-30,15
1858,0.15583934847946967,Lose,-66,100
1859,0.15568350913099022,Lose,-14,16
1860,0.15552782562185924,Lose,2,12
1861,0.15537229779623737,Lose,26,13
1862,0.15521692549844113,Lose,-38,51
1863,0.15506170857294269,Lose,-50,16
1864,0.15490664686436975,Lose,22,13
1865,0.15475174021750537,Lose,6,16
1866,0.15459698847728787,Lose,22,13
1867,0.1544423914888106,Lose,50,8
1868,0.15428794909732177,Lose,-14,20
1869,0.15413366114822444,Lose,-4,13
1870,0.15397952748707622,Lose,18,11
1871,0.15382554795958914,Lose,-436,100
1872,0.15367172241162955,Lose,-22,14
1873,0.15351805068921792,Lose,-50,16
1874,0.1533645326385287,Lose,18,11
1875,0.15321116810589017,Lose,30,15
1876,0.1530579569377843,Lose,26,17
1877,0.1529048989808465,Lose,34,14
1878,0.15275199408186566,Lose,34,14
1879,0.15259924208778378,Win,-2,29
1880,0.15244664284569598,Lose,-60,17
1881,0.15229419620285028,Lose,-37,19
1882,0.15214190200664743,Lose,-67,15
1883,0.15198976010464077,Lose,-39,11
1884,0.15183777034453613,Lose,-37,8
1885,0.1516859325741916,Win,-34,26
1886,0.1515342466416174,Lose,24,14
1887,0.1513827123949758,Lose,22,13
1888,0.15123132968258082,Lose,56,13
1889,0.15108009835289823,Lose,38,18
1890,0.15092901825454533,Lose,-17,8
1891,0.15077808923629077,Lose,9,30
1892,0.15062731114705447,Lose,-22,14
1893,0.1504766838359074,Win,-355,40
1894,0.15032620715207148,Lose,18,11
1895,0.1501758809449194,Lose,-73,12
1896,0.15002570506397447,Win,78,18
1897,0.1498756793589105,Lose,-467,100
1898,0.14972580367955157,Lose,-194,100
1899,0.14957607787587202,Lose,18,11
1900,0.14942650179799613,Lose,-39,11
1901,0.14927707529619813,Lose,18,11
1902,0.14912779822090194,Lose,-428,100
1903,0.14897867042268104,Lose,-39,11
1904,0.14882969175225835,Lose,-6,16
1905,0.1486808620605061,Lose,6,16
1906,0.14853218119844558,Lose,34,14
1907,0.14838364901724713,Lose,18,11
1908,0.14823526536822987,Lose,34,14
1909,0.14808703010286164,Lose,2,12
1910,0.1479389430727588,Lose,6,16
1911,0.14779100412968604,Lose,18,11
1912,0.14764321312555637,Lose,-69,18
1913,0.14749556991243082,Lose,58,8
1914,0.1473480743425184,Lose,-129,18
1915,0.14720072626817587,Lose,-46,5
1916,0.1470535255419077,Lose,18,11
1917,0.1469064720163658,Lose,-18,14
1918,0.14675956554434944,Lose,-21,15
1919,0.14661280597880508,Lose,2,12
1920,0.14646619317282628,Lose,-23,11
1921,0.14631972697965345,Lose,-10,18
1922,0.1461734072526738,Lose,58,8
1923,0.14602723384542113,Lose,-30,15
1924,0.14588120661157572,Lose,-39,11
1925,0.14573532540496414,Lose,-23,11
1926,0.14558959007955918,Lose,8,14
1927,0.1454440004894796,Lose,22,13
1928,0.14529855648899012,Lose,2,12
1929,0.14515325793250114,Lose,2,12
1930,0.14500810467456865,Lose,-49,16
1931,0.14486309656989407,Lose,-71,16
1932,0.1447182334733242,Win,10,25
1933,0.14457351523985087,Lose,22,13
1934,0.14442894172461102,Lose,-30,15
1935,0.1442845127828864,Lose,-2748,100
1936,0.1441402282701035,Lose,54,22
1937,0.1439960880418334,Lose,-34,17
1938,0.14385209195379156,Win,78,18
1939,0.14370823986183776,Lose,-23,16
1940,0.1435645316219759,Lose,18,11
1941,0.14342096709035393,Lose,-879,100
1942,0.14327754612326357,Lose,-37,10
1943,0.14313426857714032,Lose,-165,21
1944,0.14299113430856317,Lose,6,16
1945,0.1428481431742546,Lose,-118,20
1946,0.14270529503108034,Lose,-105,16
1947,0.14256258973604927,Lose,-82,18
1948,0.14242002714631322,Lose,-82,18
1949,0.1422776071191669,Lose,-10,20
1950,0.14213532951204774,Lose,22,13
1951,0.1419931941825357,Lose,2,14
1952,0.14185120098835316,Lose,-50,16
1953,0.1417093497873648,Lose,-23,11
1954,0.14156764043757744,Lose,-26,16
1955,0.14142607279713987,Lose,22,13
1956,0.14128464672434274,Lose,50,7
1957,0.1411433620776184,Lose,-2,24
1958,0.14100221871554078,Lose,2,12
1959,0.14086121649682523,Lose,-90,21
1960,0.14072035528032842,Lose,34,14
1961,0.1405796349250481,Lose,-79,21
1962,0.14043905529012304,Lose,2,12
1963,0.14029861623483292,Lose,18,11
1964,0.1401583176185981,Lose,18,11
1965,0.1400181593009795,Lose,-23,11
1966,0.1398781411416785,Lose,-19,13
1967,0.13973826300053682,Lose,18,11
1968,0.13959852473753628,Lose,-22,14
1969,0.13945892621279873,Win,78,18
1970,0.13931946728658592,Lose,18,11
1971,0.13918014781929933,Lose,26,17
1972,0.13904096767148003,Win,-119,33
1973,0.13890192670380855,Lose,-25,7
1974,0.13876302477710473,Lose,18,11
1975,0.13862426175232762,Lose,-37,8
1976,0.1384856374905753,Lose,-67,14
1977,0.13834715185308472,Lose,18,11
1978,0.13820880470123162,Lose,18,11
1979,0.1380705958965304,Lose,-4,13
1980,0.13793252530063388,Lose,-21,9
1981,0.13779459277533324,Lose,-17,17
1982,0.1376567981825579,Lose,-10,32
1983,0.13751914138437535,Lose,42,22
1984,0.13738162224299097,Lose,-22,14
1985,0.13724424062074797,Lose,-23,11
1986,0.13710699638012722,Lose,50,8
1987,0.1369698893837471,Lose,34,14
1988,0.13683291949436335,Lose,6,16
1989,0.13669608657486898,Lose,-50,16
1990,0.1365593904882941,Lose,-57,12
1991,0.1364228310978058,Lose,34,14
1992,0.13628640826670801,Lose,-17,8
1993,0.1361501218584413,Win,3,21
1994,0.13601397173658286,Lose,-17,8
1995,0.1358779577648463,Lose,26,17
1996,0.13574207980708144,Lose,-558,100
1997,0.13560633772727437,Lose,18,14
1998,0.1354707313895471,Lose,18,11
1999,0.13533526065815754,Lose,18,11
2000,0.1351999253974994,Lose,-22,14
2001,0.13506472547210188,Lose,-23,11
2002,0.1349296607466298,Win,78,18
2003,0.13479473108588316,Lose,2,12
2004,0.13465993635479728,Lose,-30,15
2005,0.13452527641844247,Lose,34,14
2006,0.13439075114202403,Lose,18,11
2007,0.134256360390882,Lose,6,16
2008,0.13412210403049113,Lose,-23,11
2009,0.13398798192646064,Lose,-25,7
2010,0.13385399394453418,Lose,-22,14
2011,0.13372013995058965,Lose,-145,100
2012,0.13358641981063907,Lose,2,12
2013,0.13345283339082842,Lose,-30,15
2014,0.13331938055743758,Lose,-22,14
2015,0.13318606117688014,Lose,-79,36
2016,0.13305287511570327,Lose,38,18
2017,0.13291982224058757,Lose,-50,16
2018,0.13278690241834698,Lose,18,11
2019,0.13265411551592862,Lose,-114,24
2020,0.13252146140041268,Lose,34,14
2021,0.13238893993901227,Lose,30,15
2022,0.13225655099907327,Lose,32,16
2023,0.1321242944480742,Lose,-22,14
2024,0.13199217015362613,Lose,18,11
2025,0.1318601779834725,Win,-1,29
2026,0.13172831780548902,Lose,22,13
2027,0.13159658948768352,Lose,18,11
2028,0.13146499289819583,Lose,-30,15
2029,0.13133352790529762,Lose,-71,13
2030,0.13120219437739233,Lose,-25,7
2031,0.13107099218301493,Lose,18,11
2032,0.13093992119083192,Lose,-30,15
2033,0.13080898126964108,Lose,2,12
2034,0.13067817228837145,Lose,34,14
2035,0.13054749411608307,Lose,-25,7
2036,0.13041694662196698,Lose,-56,45
2037,0.13028652967534501,Lose,-82,18
2038,0.13015624314566968,Lose,-50,16
2039,0.130026086902524,Lose,22,13
2040,0.1298960608156215,Lose,18,11
2041,0.12976616475480587,Lose,58,8
2042,0.12963639859005108,Lose,-498,74
2043,0.12950676219146104,Lose,22,13
2044,0.1293772554292696,Lose,-22,14
2045,0.1292478781738403,Lose,18,11
2046,0.12911863029566648,Lose,2,12
2047,0.12898951166537082,Lose,2,14
2048,0.12886052215370544,Lose,-39,11
2049,0.12873166163155172,Lose,2,20
2050,0.12860292996992018,Lose,18,11
2051,0.12847432703995026,Lose,2,12
2052,0.12834585271291032,Lose,-25,7
2053,0.12821750686019742,Lose,18,11
2054,0.12808928935333722,Lose,-82,18
2055,0.12796120006398387,Lose,18,11
2056,0.1278332388639199,Lose,18,11
2057,0.12770540562505597,Lose,18,11
2058,0.1275777002194309,Lose,-30,15
2059,0.12745012251921148,Lose,-17,16
2060,0.12732267239669226,Lose,-14,16
2061,0.12719534972429558,Lose,26,17
2062,0.12706815437457128,Lose,6,16
2063,0.1269410862201967,Lose,22,10
2064,0.1268141451339765,Lose,70,38
2065,0.12668733098884255,Lose,-50,16
2066,0.12656064365785372,Lose,-82,18
2067,0.12643408301419587,Lose,-823,100
2068,0.12630764893118168,Lose,-92,8
2069,0.1261813412822505,Lose,18,11
2070,0.12605515994096825,Lose,-21,6
2071,0.12592910478102728,Lose,34,14
2072,0.12580317567624627,Lose,30,21
2073,0.12567737250057,Lose,6,16
2074,0.12555169512806943,Lose,26,12
2075,0.12542614343294137,Lose,-212,63
2076,0.12530071728950842,Win,78,18
2077,0.12517541657221892,Lose,-49,12
2078,0.1250502411556467,Lose,34,14
2079,0.12492519091449104,Lose,18,11
2080,0.12480026572357655,Lose,2,12
2081,0.12467546545785298,Lose,-105,15
2082,0.12455078999239512,Lose,6,16
2083,0.12442623920240273,Lose,52,10
2084,0.12430181296320032,Lose,-50,16
2085,0.12417751115023712,Lose,-82,18
2086,0.12405333363908688,Lose,-23,11
2087,0.1239292803054478,Lose,22,13
2088,0.12380535102514234,Lose,26,11
2089,0.1236815456741172,Lose,-118,20
2090,0.12355786412844308,Lose,-62,20
2091,0.12343430626431463,Lose,18,12
2092,0.12331087195805032,Lose,42,22
2093,0.12318756108609227,Lose,22,10
2094,0.12306437352500618,Lose,-155,100
2095,0.12294130915148117,Lose,-57,13
2096,0.12281836784232969,Lose,18,11
2097,0.12269554947448735,Lose,-56,42
2098,0.12257285392501287,Lose,-17,16
2099,0.12245028107108785,Lose,18,11
2100,0.12232783079001676,Win,-578,98
2101,0.12220550295922675,Lose,6,16
2102,0.12208329745626752,Lose,-25,7
2103,0.12196121415881125,Lose,-8,23
2104,0.12183925294465245,Lose,18,11
2105,0.1217174136917078,Lose,26,12
2106,0.12159569627801609,Lose,-17,8
2107,0.12147410058173808,Lose,-4,13
2108,0.12135262648115634,Lose,-22,14
2109,0.12123127385467519,Lose,54,16
2110,0.12111004258082052,Lose,22,10
2111,0.1209889325382397,Lose,26,12
2112,0.12086794360570145,Lose,-30,15
2113,0.12074707566209575,Lose,34,14
2114,0.12062632858643366,Win,-145,29
2115,0.12050570225784722,Lose,-30,15
2116,0.12038519655558938,Lose,-60,17
2117,0.12026481135903379,Win,82,17
2118,0.12014454654767476,Lose,32,16
2119,0.12002440200112709,Lose,-22,14
2120,0.11990437759912596,Lose,-34,17
2121,0.11978447322152684,Lose,-30,15
2122,0.11966468874830531,Lose,18,11
2123,0.11954502405955701,Lose,22,13
2124,0.11942547903549745,Lose,-34,17
2125,0.11930605355646196,Lose,58,8
2126,0.11918674750290549,Win,-45,24
2127,0.11906756075540259,Lose,66,100
2128,0.11894849319464719,Lose,18,11
2129,0.11882954470145254,Lose,-316,100
2130,0.11871071515675109,Lose,22,13
2131,0.11859200444159435,Lose,-22,14
2132,0.11847341243715274,Lose,-23,11
2133,0.1183549390247156,Lose,-39,11
2134,0.11823658408569088,Lose,-30,15
2135,0.11811834750160519,Lose,-25,7
2136,0.11800022915410358,Lose,18,11
2137,0.11788222892494947,Lose,-98,22
2138,0.11776434669602452,Lose,18,11
2139,0.1176465823493285,Lose,-89,29
2140,0.11752893576697916,Lose,54,6
2141,0.11741140683121218,Lose,-55,15
2142,0.11729399542438097,Lose,22,13
2143,0.11717670142895659,Lose,-26,17
2144,0.11705952472752763,Lose,-30,15
2145,0.1169424652028001,Lose,-37,8
2146,0.1168255227375973,Lose,-21,14
2147,0.1167086972148597,Lose,30,21
2148,0.11659198851764484,Lose,18,11
2149,0.1164753965291272,Lose,22,13
2150,0.11635892113259806,Lose,-22,14
2151,0.11624256221146546,Win,22,21
2152,0.116126319649254,Lose,-22,14
2153,0.11601019332960474,Lose,34,14
2154,0.11589418313627514,Lose,26,12
2155,0.11577828895313887,Lose,18,11
2156,0.11566251066418573,Lose,-17,16
2157,0.11554684815352155,Lose,34,14
2158,0.11543130130536802,Lose,22,13
2159,0.11531587000406265,Lose,18,11
2160,0.1152005541340586,Lose,2,12
2161,0.11508535357992454,Lose,18,11
2162,0.11497026822634461,Lose,-26,17
2163,0.11485529795811826,Lose,-169,19
2164,0.11474044266016015,Lose,18,11
2165,0.11462570221749999,Lose,-2000,100
2166,0.11451107651528249,Lose,-10,14
2167,0.11439656543876721,Lose,18,11
2168,0.11428216887332844,Lose,18,11
2169,0.11416788670445512,Lose,18,11
2170,0.11405371881775066,Lose,30,18
2171,0.11393966509893291,Lose,-37,8
2172,0.11382572543383399,Lose,-30,15
2173,0.11371189970840015,Lose,-50,16
2174,0.11359818780869176,Lose,-100,7
2175,0.11348458962088306,Lose,2,20
2176,0.11337110503126219,Lose,-167,57
2177,0.11325773392623092,Lose,18,11
2178,0.1131444761923047,Lose,-21,6
2179,0.11303133171611239,Lose,6,16
2180,0.11291830038439628,Lose,0,17
2181,0.11280538208401188,Lose,22,13
2182,0.11269257670192787,Lose,-21,6
2183,0.11257988412522593,Lose,18,11
2184,0.1124673042411007,Lose,0,13
2185,0.1123548369368596,Lose,8,14
2186,0.11224248209992274,Lose,34,14
2187,0.11213023961782281,Lose,-50,16
2188,0.11201810937820499,Win,78,18
2189,0.11190609126882678,Lose,34,14
2190,0.11179418517755796,Lose,-94,19
2191,0.1116823909923804,Lose,2,12
2192,0.11157070860138803,Lose,-22,14
2193,0.11145913789278664,Lose,46,10
2194,0.11134767875489385,Lose,24,17
2195,0.11123633107613895,Lose,18,11
2196,0.11112509474506281,Lose,-30,15
2197,0.11101396965031775,Lose,10,22
2198,0.11090295568066744,Lose,-50,16
2199,0.11079205272498677,Lose,18,11
2200,0.11068126067226178,Lose,18,11
2201,0.11057057941158951,Lose,26,17
2202,0.11046000883217792,Lose,-50,16
2203,0.11034954882334574,Lose,22,13
2204,0.1102391992745224,Lose,18,11
2205,0.11012896007524788,Lose,-25,7
2206,0.11001883111517263,Lose,18,11
2207,0.10990881228405747,Lose,54,16
2208,0.10979890347177342,Lose,18,11
2209,0.10968910456830164,Lose,34,14
2210,0.10957941546373333,Lose,18,11
2211,0.1094698360482696,Lose,26,17
2212,0.10936036621222132,Lose,-67,14
2213,0.10925100584600911,Lose,18,11
2214,0.1091417548401631,Win,78,18
2215,0.10903261308532293,Lose,34,14
2216,0.1089235804722376,Lose,22,10
2217,0.10881465689176537,Lose,-4,13
2218,0.1087058422348736,Win,50,23
2219,0.10859713639263872,Lose,18,11
2220,0.10848853925624609,Lose,18,11
2221,0.10838005071698985,Lose,-14,29
2222,0.10827167066627286,Lose,30,15
2223,0.10816339899560658,Lose,34,14
2224,0.10805523559661097,Win,78,18
2225,0.10794718036101436,Lose,-52,67
2226,0.10783923318065335,Lose,38,18
2227,0.10773139394747269,Lose,-30,15
2228,0.10762366255352522,Lose,2,20
2229,0.1075160388909717,Lose,-492,100
2230,0.10740852285208072,Lose,-41,18
2231,0.10730111432922863,Lose,38,18
2232,0.1071938132148994,Lose,6,16
2233,0.1070866194016845,Lose,34,14
2234,0.10697953278228281,Lose,-170,25
2235,0.10687255324950053,Lose,18,11
2236,0.10676568069625103,Lose,34,14
2237,0.10665891501555477,Lose,-25,7
2238,0.10655225610053921,Lose,-22,44
2239,0.10644570384443867,Lose,-19,12
2240,0.10633925814059424,Lose,2,12
2241,0.10623291888245365,Lose,58,100
2242,0.1061266859635712,Lose,2,12
2243,0.10602055927760762,Lose,22,13
2244,0.10591453871833001,Lose,-54,100
2245,0.10580862417961168,Lose,18,11
2246,0.10570281555543207,Lose,34,14
2247,0.10559711273987664,Lose,-30,15
2248,0.10549151562713677,Lose,2,12
2249,0.10538602411150963,Lose,-504,100
2250,0.10528063808739813,Lose,54,6
2251,0.10517535744931072,Lose,34,14
2252,0.10507018209186142,Lose,34,14
2253,0.10496511190976955,Lose,-22,14
2254,0.10486014679785978,Lose,18,11
2255,0.10475528665106192,Lose,18,11
2256,0.10465053136441085,Lose,26,13
2257,0.10454588083304645,Lose,-21,15
2258,0.1044413349522134,Lose,-720,100
2259,0.10433689361726119,Lose,2,12
2260,0.10423255672364393,Lose,18,11
2261,0.10412832416692028,Lose,6,14
2262,0.10402419584275335,Lose,18,11
2263,0.1039201716469106,Lose,-50,16
2264,0.10381625147526369,Lose,-50,16
2265,0.10371243522378842,Lose,-25,7
2266,0.10360872278856463,Lose,70,100
2267,0.10350511406577606,Lose,22,13
2268,0.10340160895171029,Lose,18,11
2269,0.10329820734275857,Win,82,17
2270,0.10319490913541582,Lose,-57,12
2271,0.1030917142262804,Lose,-132,11
2272,0.10298862251205412,Lose,50,18
2273,0.10288563388954207,Lose,34,14
2274,0.10278274825565252,Lose,-25,7
2275,0.10267996550739687,Lose,26,12
2276,0.10257728554188948,Lose,54,7
2277,0.1024747082563476,Lose,40,24
2278,0.10237223354809125,Lose,18,11
2279,0.10226986131454316,Lose,38,18
2280,0.10216759145322861,Lose,18,11
2281,0.10206542386177538,Lose,-26,17
2282,0.1019633584379136,Lose,26,17
2283,0.10186139507947568,Lose,-19,13
2284,0.1017595336843962,Lose,26,12
2285,0.10165777415071181,Lose,22,13
2286,0.1015561163765611,Lose,6,16
2287,0.10145456026018454,Lose,-35,7
2288,0.10135310569992435,Lose,-25,7
2289,0.10125175259422443,Lose,2,20
2290,0.10115050084163021,Lose,18,11
2291,0.10104935034078859,Lose,18,11
2292,0.1009483009904478,Lose,-30,15
2293,0.10084735268945735,Lose,-22,14
2294,0.10074650533676789,Lose,-60,17
2295,0.10064575883143112,Lose,-22,14
2296,0.1005451130725997,Lose,-14,16
2297,0.1004445679595271,Lose,-30,15
2298,0.10034412339156756,Lose,18,11
2299,0.100243779268176,Lose,-22,14
2300,0.10014353548890782,Lose,-21,14
2301,0.10004339195341891,Lose,18,11
2302,0.1,Lose,-30,15
2303,0.1,Lose,18,11
2304,0.1,Lose,-283,28
2305,0.1,Lose,30,21
2306,0.1,Lose,6,16
2307,0.1,Win,82,17
2308,0.1,Lose,-22,14
2309,0.1,Lose,34,14
2310,0.1,Lose,6,16
2311,0.1,Lose,22,13
2312,0.1,Lose,-14,16
2313,0.1,Lose,18,11
2314,0.1,Lose,34,14
2315,0.1,Lose,18,11
2316,0.1,Lose,-168,14
2317,0.1,Lose,54,7
2318,0.1,Lose,26,13
2319,0.1,Lose,-110,100
2320,0.1,Lose,18,11
2321,0.1,Lose,0,13
2322,0.1,Lose,6,16
2323,0.1,Lose,-166,23
2324,0.1,Lose,26,13
2325,0.1,Lose,32,16
2326,0.1,Lose,34,14
2327,0.1,Lose,18,11
2328,0.1,Lose,18,11
2329,0.1,Lose,-30,15
2330,0.1,Lose,16,15
2331,0.1,Lose,60,53
2332,0.1,Lose,-10,18
2333,0.1,Lose,18,11
2334,0.1,Lose,-4,13
2335,0.1,Lose,-17,8
2336,0.1,Lose,10,12
2337,0.1,Lose,-50,16
2338,0.1,Lose,18,11
2339,0.1,Lose,22,10
2340,0.1,Lose,18,11
2341,0.1,Lose,34,14
2342,0.1,Lose,-60,17
2343,0.1,Lose,26,12
2344,0.1,Lose,2,12
2345,0.1,Lose,30,15
2346,0.1,Lose,18,11
2347,0.1,Lose,18,11
2348,0.1,Lose,6,16
2349,0.1,Lose,-64,39
2350,0.1,Lose,46,10
2351,0.1,Lose,-22,14
2352,0.1,Lose,26,12
2353,0.1,Lose,18,11
2354,0.1,Lose,2,20
2355,0.1,Lose,-25,7
2356,0.1,Lose,18,11
2357,0.1,Lose,12,17
2358,0.1,Lose,-22,14
2359,0.1,Lose,-266,56
2360,0.1,Lose,56,13
2361,0.1,Lose,-25,8
2362,0.1,Lose,6,16
2363,0.1,Lose,18,11
2364,0.1,Win,-81,58
2365,0.1,Lose,-37,10
2366,0.1,Lose,34,14
2367,0.1,Lose,-14,16
2368,0.1,Lose,-1190,100
2369,0.1,Lose,34,14
2370,0.1,Lose,18,11
2371,0.1,Lose,34,14
2372,0.1,Lose,6,16
2373,0.1,Lose,-30,15
2374,0.1,Lose,6,16
2375,0.1,Lose,-215,25
2376,0.1,Lose,2,12
2377,0.1,Lose,26,12
2378,0.1,Lose,18,100
2379,0.1,Lose,18,11
2380,0.1,Win,-5,25
2381,0.1,Lose,18,11
2382,0.1,Lose,50,7
2383,0.1,Lose,16,14
2384,0.1,Lose,18,11
2385,0.1,Lose,-127,24
2386,0.1,Lose,22,13
2387,0.1,Lose,-22,14
2388,0.1,Lose,22,10
2389,0.1,Lose,-60,29
2390,0.1,Lose,18,11
2391,0.1,Lose,-12,27
2392,0.1,Lose,25,100
2393,0.1,Win,-167,33
2394,0.1,Lose,32,16
2395,0.1,Lose,6,16
2396,0.1,Lose,26,17
2397,0.1,Lose,48,7
2398,0.1,Lose,50,16
2399,0.1,Lose,34,14
2400,0.1,Lose,34,25
2401,0.1,Lose,38,18
2402,0.1,Lose,-82,18
2403,0.1,Lose,2,14
2404,0.1,Lose,24,14
2405,0.1,Lose,-73,12
2406,0.1,Lose,22,13
2407,0.1,Lose,-14,16
2408,0.1,Lose,22,10
2409,0.1,Win,82,17
2410,0.1,Lose,22,13
2411,0.1,Lose,18,11
2412,0.1,Lose,-746,100
2413,0.1,Lose,6,16
2414,0.1,Lose,22,13
2415,0.1,Lose,2,14
2416,0.1,Lose,-165,24
2417,0.1,Lose,50,7
2418,0.1,Lose,18,11
2419,0.1,Lose,22,13
2420,0.1,Win,-269,62
2421,0.1,Lose,58,20
2422,0.1,Lose,26,12
2423,0.1,Lose,18,11
2424,0.1,Lose,-22,14
2425,0.1,Lose,22,10
2426,0.1,Lose,-17,8
2427,0.1,Lose,18,11
2428,0.1,Lose,-50,16
2429,0.1,Lose,-30,15
2430,0.1,Lose,18,11
2431,0.1,Lose,26,12
2432,0.1,Lose,34,14
2433,0.1,Lose,18,11
2434,0.1,Lose,-22,14
2435,0.1,Lose,-22,22
2436,0.1,Lose,-172,18
2437,0.1,Lose,18,11
2438,0.1,Lose,22,13
2439,0.1,Lose,-22,14
2440,0.1,Lose,-26,18
2441,0.1,Lose,22,13
2442,0.1,Lose,22,13
2443,0.1,Lose,52,11
2444,0.1,Lose,26,12
2445,0.1,Lose,22,13
2446,0.1,Lose,-30,15
2447,0.1,Lose,-30,15
2448,0.1,Lose,34,14
2449,0.1,Lose,22,13
2450,0.1,Lose,-6,16
2451,0.1,Lose,18,11
2452,0.1,Lose,18,11
2453,0.1,Lose,-22,14
2454,0.1,Lose,22,13
2455,0.1,Lose,18,11
2456,0.1,Lose,34,14
2457,0.1,Lose,26,13
2458,0.1,Lose,0,16
2459,0.1,Lose,-118,20
2460,0.1,Lose,-37,8
2461,0.1,Lose,-34,17
2462,0.1,Lose,58,8
2463,0.1,Win,-170,85
2464,0.1,Lose,18,11
2465,0.1,Lose,22,13
2466,0.1,Lose,-94,19
2467,0.1,Lose,24,17
2468,0.1,Lose,36,12
2469,0.1,Lose,18,11
2470,0.1,Lose,-94,19
2471,0.1,Lose,18,11
2472,0.1,Lose,34,14
2473,0.1,Lose,32,16
2474,0.1,Lose,18,11
2475,0.1,Lose,26,12
2476,0.1,Lose,34,14
2477,0.1,Lose,26,12
2478,0.1,Lose,32,16
2479,0.1,Lose,-46,20
2480,0.1,Lose,34,14
2481,0.1,Lose,-26,17
2482,0.1,Lose,-2,18
2483,0.1,Lose,22,10
2484,0.1,Lose,-19,12
2485,0.1,Lose,26,12
2486,0.1,Lose,-30,15
2487,0.1,Lose,18,11
2488,0.1,Lose,34,14
2489,0.1,Lose,34,100
2490,0.1,Lose,58,20
2491,0.1,Lose,34,14
2492,0.1,Lose,18,11
2493,0.1,Lose,30,16
2494,0.1,Lose,30,15
2495,0.1,Lose,18,11
2496,0.1,Lose,18,11
2497,0.1,Lose,24,14
2498,0.1,Lose,114,100
2499,0.1,Lose,18,11
